Name,Brand,Model,Transmission,Year of Purchase,Kilometers Driven,Last Service,Fuel Type,Owner,Insurance,History,Location,EMI per month,Price
Alto VXI MANUAL,Maruti,['VXI'],MANUAL,Aug-19,"20,692 km","20,692km (29 Dec 2021)",Petrol,1st Owner,Valid upto Sept 2022 Comp,Non-Accidental,JAIPUR,"₹8,644/month","₹3,73,999"
ity VX MT PETROL MANUAL,Honda,"['VX', 'MT', 'PETROL']",MANUAL,Aug-17,"43,062 km","43,062km (25 Dec 2021)",Petrol,2nd Owner,Valid upto Mar 2023 3rd Party,Non-Accidental,JAIPUR,"₹18,039/month","₹7,86,599"
Ertiga VXI MANUAL,Maruti,['VXI'],MANUAL,Sep-18,"63,676 km","63,676km (03 Jan 2022)",Petrol,1st Owner,Valid upto Mar 2023 3rd Party,Non-Accidental,JAIPUR,"₹17,542/month","₹7,64,799"
 Elite i20 1.2 SPORTS PLUS VTVT MANUAL,Hyundai,"['1.2', 'SPORTS', 'PLUS', 'VTVT']",MANUAL,Nov-19,"7,981 km","7,981km (13 Dec 2021)",Petrol,1st Owner,Valid upto Mar 2023 3rd Party,Non-Accidental,JAIPUR,"₹16,909/month","₹7,36,999"
 Elite i20 1.2 SPORTS PLUS VTVT MANUAL,Hyundai,"['1.2', 'SPORTS', 'PLUS', 'VTVT']",MANUAL,Aug-19,"10,592 km","10,592km (18 Nov 2021)",Petrol,1st Owner,Valid upto Oct 2022 Third_party,Non-Accidental,JAIPUR,"₹16,909/month","₹7,36,999"
Vitara Brezza VDI MANUAL,Maruti,['VDI'],MANUAL,Jan-18,"46,469 km","46,469km (28 Oct 2021)",Diesel,1st Owner,Valid upto Mar 2023 3rd Party,Non-Accidental,JAIPUR,"₹18,251/month","₹7,95,899"
 Creta 1.6 SX (O) CRDI MANUAL,Hyundai,"['1.6', 'SX', '(O)', 'CRDI']",MANUAL,Aug-16,"32,452 km","32,452km (31 Oct 2021)",Diesel,2nd Owner,Valid upto Mar 2023 3rd Party,Non-Accidental,JAIPUR,"₹24,883/month","₹10,87,199"
Baleno DELTA 1.2 K12 MANUAL,Maruti,"['DELTA', '1.2', 'K12']",MANUAL,Aug-16,"54,535 km","54,535km (12 Nov 2021)",Petrol,1st Owner,Valid upto Aug 2022 Comp,Non-Accidental,JAIPUR,"₹12,661/month","₹5,50,399"
S Cross ZETA SHVS MANUAL,Maruti,"['ZETA', 'SHVS']",MANUAL,Dec-17,"1,05,493 km","1,05,493km (21 Jan 2022)",Diesel,1st Owner,Valid upto Mar 2023 3rd Party,Non-Accidental,JAIPUR,"₹15,398/month","₹6,70,599"
Dzire VDI MANUAL,Maruti,['VDI'],MANUAL,Sep-17,"67,620 km","67,620km (30 Oct 2021)",Diesel,1st Owner,Valid upto Mar 2023 3rd Party,Non-Accidental,JAIPUR,"₹15,520/month","₹6,75,999"
Innova 2.5 GX 8 STR BS IV MANUAL,Toyota,"['2.5', 'GX', '8', 'STR', 'BS', 'IV']",MANUAL,Dec-12,"2,01,883 km","2,01,883km (25 Dec 2021)",Diesel,2nd Owner,Valid upto Oct 2022 Comp,Non-Accidental,JAIPUR,"₹14,796/month","₹6,44,199"
Vitara Brezza LXI MANUAL,Maruti,['LXI'],MANUAL,Apr-21,"1,053 km","1,053km (29 Dec 2021)",Petrol,1st Owner,Valid upto Mar 2023 3rd Party,Non-Accidental,JAIPUR,"₹18,323/month","₹7,99,099"
maze 1.2 SMT I VTEC MANUAL,Honda,"['1.2', 'SMT', 'I', 'VTEC']",MANUAL,Oct-18,"41,914 km","41,914km (06 Sep 2021)",Petrol,1st Owner,Valid upto Mar 2023 3rd Party,Non-Accidental,JAIPUR,"₹13,706/month","₹5,96,299"
Baleno SIGMA 1.2 K12 MANUAL,Maruti,"['SIGMA', '1.2', 'K12']",MANUAL,Feb-16,"60,825 km","60,825km (24 Dec 2021)",Petrol,3rd Owner,Valid upto Mar 2023 3rd Party,Non-Accidental,JAIPUR,"₹11,636/month","₹5,05,399"
osport 1.5 TITANIUM TI VCT MANUAL,Ford,"['1.5', 'TITANIUM', 'TI', 'VCT']",MANUAL,Oct-15,"97,822 km","97,822km (11 Jan 2022)",Petrol,2nd Owner,Valid upto Mar 2023 3rd Party,Non-Accidental,JAIPUR,"₹11,916/month","₹5,17,699"
 i20 SPORTZ 1.4 CRDI MANUAL,Hyundai,"['SPORTZ', '1.4', 'CRDI']",MANUAL,Jan-13,"1,66,442 km","1,66,442km (11 Feb 2022)",Diesel,1st Owner,Valid upto Mar 2023 3rd Party,Non-Accidental,JAIPUR,"₹8,808/month","₹3,81,199"
Swift VXI MANUAL,Maruti,['VXI'],MANUAL,May-16,"26,707 km","26,707km (03 Jan 2022)",Petrol,1st Owner,Valid upto Mar 2023 3rd Party,Non-Accidental,JAIPUR,"₹11,554/month","₹5,01,799"
osport 1.5 TITANIUM PLUS TI VCT AT AUTOMATIC,Ford,"['1.5', 'TITANIUM', 'PLUS', 'TI', 'VCT', 'AT']",AUTOMATIC,Jul-18,"49,702 km","49,702km (07 Oct 2021)",Petrol,1st Owner,Valid upto Mar 2023 3rd Party,Non-Accidental,JAIPUR,"₹18,911/month","₹8,24,899"
TOS GTX 1.4 GDI AT PETROL AUTOMATIC,KIA,"['GTX', '1.4', 'GDI', 'AT', 'PETROL']",AUTOMATIC,Sep-19,"27,076 km","27,076km (01 Sep 2021)",Petrol,1st Owner,Valid upto Mar 2023 3rd Party,Non-Accidental,JAIPUR,"₹35,710/month","₹15,62,699"
R-V 1.2 i-VTEC S MT MANUAL,Honda,"['1.2', 'i-VTEC', 'S', 'MT']",MANUAL,May-19,354 km,354km (01 Jan 2022),Petrol,1st Owner,Valid upto Mar 2023 3rd Party,Non-Accidental,JAIPUR,"₹18,219/month","₹7,94,499"
Swift Dzire VDI MANUAL,Maruti,['VDI'],MANUAL,Mar-13,"1,70,307 km","1,70,307km (24 Dec 2021)",Diesel,1st Owner,Valid upto Mar 2023 3rd Party,Non-Accidental,JAIPUR,"₹9,842/month","₹4,26,599"
 Kwid RXT MANUAL,Renault,['RXT'],MANUAL,Jan-16,"33,618 km","33,618km (23 Mar 2022)",Petrol,2nd Owner,Valid upto Mar 2023 3rd Party,Non-Accidental,JAIPUR,"₹6,704/month","₹2,88,799"
Swift Dzire VDI ABS MANUAL,Maruti,"['VDI', 'ABS']",MANUAL,Jun-16,"59,743 km","59,743km (23 Dec 2021)",Diesel,1st Owner,Valid upto Mar 2023 3rd Party,Non-Accidental,JAIPUR,"₹13,469/month","₹5,85,899"
 Elite i20 ASTA 1.4 CRDI MANUAL,Hyundai,"['ASTA', '1.4', 'CRDI']",MANUAL,Dec-14,"83,514 km","83,514km (29 Dec 2021)",Diesel,2nd Owner,Valid upto Mar 2023 3rd Party,Non-Accidental,JAIPUR,"₹12,410/month","₹5,39,399"
 GRAND I10 NIOS ERA PETROL MANUAL,Hyundai,"['ERA', 'PETROL']",MANUAL,Mar-21,383 km,383km (04 Jan 2022),Petrol,1st Owner,Valid upto Mar 2023 3rd Party,Non-Accidental,JAIPUR,"₹13,223/month","₹5,75,099"
gen Vento 1.2 TSI HIGHLINE PLUS AT AUTOMATIC,Volkswagen,"['1.2', 'TSI', 'HIGHLINE', 'PLUS', 'AT']",AUTOMATIC,May-17,"36,058 km","36,058km (01 Nov 2021)",Petrol,1st Owner,Valid upto Mar 2023 3rd Party,Non-Accidental,JAIPUR,"₹20,029/month","₹8,73,999"
Alto 800 LXI MANUAL,Maruti,['LXI'],MANUAL,Aug-16,"34,002 km","34,002km (13 Nov 2021)",Petrol,1st Owner,Valid upto Mar 2023 3rd Party,Non-Accidental,JAIPUR,"₹6,543/month","₹2,81,699"
Eeco 5 STR WITH AC PLUSHTR MANUAL,Maruti,"['5', 'STR', 'WITH', 'AC', 'PLUSHTR']",MANUAL,Dec-18,"15,995 km","15,995km (11 Nov 2021)",Petrol,1st Owner,Valid upto Mar 2023 3rd Party,Non-Accidental,JAIPUR,"₹9,566/month","₹4,14,499"
Alto K10 VXI MANUAL,Maruti,['VXI'],MANUAL,Sep-15,"22,647 km","22,647km (04 Jan 2022)",Petrol,1st Owner,Valid upto Mar 2023 3rd Party,Non-Accidental,JAIPUR,"₹7,082/month","₹3,05,399"
 i10 SPORTZ 1.1 IRDE2 MANUAL,Hyundai,"['SPORTZ', '1.1', 'IRDE2']",MANUAL,Jul-14,"62,593 km","62,593km (25 Oct 2021)",Petrol,2nd Owner,Valid upto Mar 2023 3rd Party,Non-Accidental,JAIPUR,"₹7,312/month","₹3,15,499"
Alto K10 VXI MANUAL,Maruti,['VXI'],MANUAL,Oct-15,"52,837 km","52,837km (29 Oct 2021)",Petrol,1st Owner,Valid upto Mar 2023 3rd Party,Non-Accidental,JAIPUR,"₹6,879/month","₹2,96,499"
 i10 SPORTZ 1.1 IRDE2 MANUAL,Hyundai,"['SPORTZ', '1.1', 'IRDE2']",MANUAL,Apr-14,"79,310 km","79,310km (27 Nov 2021)",Petrol,1st Owner,Valid upto Mar 2023 3rd Party,Non-Accidental,JAIPUR,"₹7,579/month","₹3,27,199"
s Benz E Class E 250 CDI ELEGANCE AUTOMATIC,Mercedes,"['E', '250', 'CDI', 'ELEGANCE']",AUTOMATIC,Jan-14,"18,424 km","18,424km (23 Dec 2021)",Diesel,1st Owner,Valid upto Mar 2023 3rd Party,Non-Accidental,JAIPUR,"₹53,657/month","₹23,50,899"
Eeco 5 STR WITH AC PLUSHTR MANUAL,Maruti,"['5', 'STR', 'WITH', 'AC', 'PLUSHTR']",MANUAL,Jul-19,"12,858 km","12,858km (31 Dec 2021)",Petrol,1st Owner,Valid upto Mar 2023 3rd Party,Non-Accidental,JAIPUR,"₹10,359/month","₹4,49,299"
Eeco 5 STR WITH AC PLUSHTR MANUAL,Maruti,"['5', 'STR', 'WITH', 'AC', 'PLUSHTR']",MANUAL,Sep-19,"6,358 km","6,358km (11 Oct 2021)",Petrol,1st Owner,Valid upto Nov 2022 Zero_Dep,Non-Accidental,JAIPUR,"₹10,325/month","₹4,47,799"
Eeco 7 STR MANUAL,Maruti,"['7', 'STR']",MANUAL,May-19,"5,542 km","5,542km (01 Nov 2021)",Petrol,1st Owner,Valid upto Jun 2022 Zero_Dep,Non-Accidental,JAIPUR,"₹9,614/month","₹4,16,599"
Wagon R 1.0 VXI MANUAL,Maruti,['VXI'],MANUAL,Jan-11,"78,423 km","78,423km (23 Feb 2022)",Petrol,1st Owner,Valid upto Mar 2023 3rd Party,Non-Accidental,JAIPUR,"₹6,187/month","₹2,66,099"
 Kiger RXT 1.0 AMT,RENAULT,"['RXT', '1.0']",NA,Feb-21,"14,476 km","14,476km (23 Nov 2021)",Petrol,1st Owner,Valid upto Mar 2023 3rd Party,Non-Accidental,JAIPUR,"₹17,242/month","₹7,51,599"
Baleno DELTA 1.2 K12 MANUAL,Maruti,"['DELTA', '1.2', 'K12']",MANUAL,Jan-19,"20,346 km","20,346km (01 Jan 2022)",Petrol,1st Owner,Valid upto Mar 2023 3rd Party,Non-Accidental,JAIPUR,"₹15,265/month","₹6,64,799"
TROZ XE 1.2 MANUAL,Tata,"['XE', '1.2']",MANUAL,Jul-20,"12,025 km","12,025km (22 Oct 2021)",Petrol,1st Owner,Valid upto Aug 2022 Zero_Dep,Non-Accidental,JAIPUR,"₹13,979/month","₹6,08,299"
Alto VXI MANUAL,Maruti,['VXI'],MANUAL,Aug-19,"20,692 km","20,692km (29 Dec 2021)",Petrol,1st Owner,Valid upto Sept 2022 Comp,Non-Accidental,JAIPUR,"₹8,644/month","₹3,73,999"
ity VX MT PETROL MANUAL,Honda,"['VX', 'MT', 'PETROL']",MANUAL,Aug-17,"43,062 km","43,062km (25 Dec 2021)",Petrol,2nd Owner,Valid upto Mar 2023 3rd Party,Non-Accidental,JAIPUR,"₹18,039/month","₹7,86,599"
Ertiga VXI MANUAL,Maruti,['VXI'],MANUAL,Sep-18,"63,676 km","63,676km (03 Jan 2022)",Petrol,1st Owner,Valid upto Mar 2023 3rd Party,Non-Accidental,JAIPUR,"₹17,542/month","₹7,64,799"
 Elite i20 1.2 SPORTS PLUS VTVT MANUAL,Hyundai,"['1.2', 'SPORTS', 'PLUS', 'VTVT']",MANUAL,Nov-19,"7,981 km","7,981km (13 Dec 2021)",Petrol,1st Owner,Valid upto Mar 2023 3rd Party,Non-Accidental,JAIPUR,"₹16,909/month","₹7,36,999"
 Elite i20 1.2 SPORTS PLUS VTVT MANUAL,Hyundai,"['1.2', 'SPORTS', 'PLUS', 'VTVT']",MANUAL,Aug-19,"10,592 km","10,592km (18 Nov 2021)",Petrol,1st Owner,Valid upto Oct 2022 Third_party,Non-Accidental,JAIPUR,"₹16,909/month","₹7,36,999"
Vitara Brezza VDI MANUAL,Maruti,['VDI'],MANUAL,Jan-18,"46,469 km","46,469km (28 Oct 2021)",Diesel,1st Owner,Valid upto Mar 2023 3rd Party,Non-Accidental,JAIPUR,"₹18,251/month","₹7,95,899"
 Creta 1.6 SX (O) CRDI MANUAL,Hyundai,"['1.6', 'SX', '(O)', 'CRDI']",MANUAL,Aug-16,"32,452 km","32,452km (31 Oct 2021)",Diesel,2nd Owner,Valid upto Mar 2023 3rd Party,Non-Accidental,JAIPUR,"₹24,883/month","₹10,87,199"
Baleno DELTA 1.2 K12 MANUAL,Maruti,"['DELTA', '1.2', 'K12']",MANUAL,Aug-16,"54,535 km","54,535km (12 Nov 2021)",Petrol,1st Owner,Valid upto Aug 2022 Comp,Non-Accidental,JAIPUR,"₹12,661/month","₹5,50,399"
S Cross ZETA SHVS MANUAL,Maruti,"['ZETA', 'SHVS']",MANUAL,Dec-17,"1,05,493 km","1,05,493km (21 Jan 2022)",Diesel,1st Owner,Valid upto Mar 2023 3rd Party,Non-Accidental,JAIPUR,"₹15,398/month","₹6,70,599"
Dzire VDI MANUAL,Maruti,['VDI'],MANUAL,Sep-17,"67,620 km","67,620km (30 Oct 2021)",Diesel,1st Owner,Valid upto Mar 2023 3rd Party,Non-Accidental,JAIPUR,"₹15,520/month","₹6,75,999"
Innova 2.5 GX 8 STR BS IV MANUAL,Toyota,"['2.5', 'GX', '8', 'STR', 'BS', 'IV']",MANUAL,Dec-12,"2,01,883 km","2,01,883km (25 Dec 2021)",Diesel,2nd Owner,Valid upto Oct 2022 Comp,Non-Accidental,JAIPUR,"₹14,796/month","₹6,44,199"
Vitara Brezza LXI MANUAL,Maruti,['LXI'],MANUAL,Apr-21,"1,053 km","1,053km (29 Dec 2021)",Petrol,1st Owner,Valid upto Mar 2023 3rd Party,Non-Accidental,JAIPUR,"₹18,323/month","₹7,99,099"
maze 1.2 SMT I VTEC MANUAL,Honda,"['1.2', 'SMT', 'I', 'VTEC']",MANUAL,Oct-18,"41,914 km","41,914km (06 Sep 2021)",Petrol,1st Owner,Valid upto Mar 2023 3rd Party,Non-Accidental,JAIPUR,"₹13,706/month","₹5,96,299"
Baleno SIGMA 1.2 K12 MANUAL,Maruti,"['SIGMA', '1.2', 'K12']",MANUAL,Feb-16,"60,825 km","60,825km (24 Dec 2021)",Petrol,3rd Owner,Valid upto Mar 2023 3rd Party,Non-Accidental,JAIPUR,"₹11,636/month","₹5,05,399"
osport 1.5 TITANIUM TI VCT MANUAL,Ford,"['1.5', 'TITANIUM', 'TI', 'VCT']",MANUAL,Oct-15,"97,822 km","97,822km (11 Jan 2022)",Petrol,2nd Owner,Valid upto Mar 2023 3rd Party,Non-Accidental,JAIPUR,"₹11,916/month","₹5,17,699"
 i20 SPORTZ 1.4 CRDI MANUAL,Hyundai,"['SPORTZ', '1.4', 'CRDI']",MANUAL,Jan-13,"1,66,442 km","1,66,442km (11 Feb 2022)",Diesel,1st Owner,Valid upto Mar 2023 3rd Party,Non-Accidental,JAIPUR,"₹8,808/month","₹3,81,199"
Swift VXI MANUAL,Maruti,['VXI'],MANUAL,May-16,"26,707 km","26,707km (03 Jan 2022)",Petrol,1st Owner,Valid upto Mar 2023 3rd Party,Non-Accidental,JAIPUR,"₹11,554/month","₹5,01,799"
osport 1.5 TITANIUM PLUS TI VCT AT AUTOMATIC,Ford,"['1.5', 'TITANIUM', 'PLUS', 'TI', 'VCT', 'AT']",AUTOMATIC,Jul-18,"49,702 km","49,702km (07 Oct 2021)",Petrol,1st Owner,Valid upto Mar 2023 3rd Party,Non-Accidental,JAIPUR,"₹18,911/month","₹8,24,899"
TOS GTX 1.4 GDI AT PETROL AUTOMATIC,KIA,"['GTX', '1.4', 'GDI', 'AT', 'PETROL']",AUTOMATIC,Sep-19,"27,076 km","27,076km (01 Sep 2021)",Petrol,1st Owner,Valid upto Mar 2023 3rd Party,Non-Accidental,JAIPUR,"₹35,710/month","₹15,62,699"
R-V 1.2 i-VTEC S MT MANUAL,Honda,"['1.2', 'i-VTEC', 'S', 'MT']",MANUAL,May-19,354 km,354km (01 Jan 2022),Petrol,1st Owner,Valid upto Mar 2023 3rd Party,Non-Accidental,JAIPUR,"₹18,219/month","₹7,94,499"
Dzire VXI MANUAL,Maruti,['VXI'],MANUAL,Sep-18,"9,305 km","9,305km (13 Dec 2021)",Petrol,1st Owner,Valid upto Mar 2023 3rd Party,Non-Accidental,JAIPUR,"₹15,165/month","₹6,60,399"
 Elite i20 ASTA 1.2 (O) MANUAL,Hyundai,"['ASTA', '1.2', '(O)']",MANUAL,Apr-18,"29,767 km","29,767km (02 Nov 2021)",Petrol,2nd Owner,Valid upto Mar 2023 Comp,Non-Accidental,JAIPUR,"₹15,479/month","₹6,74,199"
ity ZX MT PETROL MANUAL,Honda,"['ZX', 'MT', 'PETROL']",MANUAL,Jan-20,"13,925 km","13,925km (26 Dec 2021)",Petrol,1st Owner,Valid upto Mar 2023 3rd Party,Non-Accidental,JAIPUR,"₹26,805/month","₹11,71,599"
maze 1.2 SMT I VTEC MANUAL,Honda,"['1.2', 'SMT', 'I', 'VTEC']",MANUAL,Aug-19,"10,648 km","10,648km (17 Sep 2021)",Petrol,1st Owner,Valid upto Mar 2023 3rd Party,Non-Accidental,JAIPUR,"₹14,906/month","₹6,48,999"
 GRAND I10 NIOS MAGNA 1.2 MT MANUAL,Hyundai,"['MAGNA', '1.2', 'MT']",MANUAL,Mar-15,"2,266 km","2,266km (28 Dec 2021)",Petrol,1st Owner,Valid upto Mar 2023 3rd Party,Non-Accidental,JAIPUR,"₹13,685/month","₹5,95,399"
Swift ZDI MANUAL,Maruti,['ZDI'],MANUAL,May-19,"1,69,080 km","1,69,080km (30 Dec 2021)",Diesel,1st Owner,Valid upto Mar 2023 3rd Party,Non-Accidental,JAIPUR,"₹11,600/month","₹5,03,799"
maze 1.2 SMT I VTEC MANUAL,Honda,"['1.2', 'SMT', 'I', 'VTEC']",MANUAL,May-19,"19,799 km","19,799km (08 Nov 2021)",Petrol,1st Owner,Valid upto Jul 2022 Zero_Dep,Non-Accidental,JAIPUR,"₹14,985/month","₹6,52,499"
maze 1.2 SMT I VTEC MANUAL,Honda,"['1.2', 'SMT', 'I', 'VTEC']",MANUAL,Jan-19,"12,964 km","12,964km (22 Nov 2021)",Petrol,1st Owner,Valid upto Mar 2023 3rd Party,Non-Accidental,JAIPUR,"₹15,013/month","₹6,53,699"
 Creta 1.6 SX CRDI MANUAL,Hyundai,"['1.6', 'SX', 'CRDI']",MANUAL,Aug-18,"34,995 km","34,995km (21 Sep 2021)",Diesel,1st Owner,Valid upto Mar 2023 3rd Party,Non-Accidental,JAIPUR,"₹32,065/month","₹14,02,599"
Swift VXI AMT AUTOMATIC,Maruti,"['VXI', 'AMT']",AUTOMATIC,Feb-20,"58,155 km","58,155km (01 Dec 2021)",Petrol,1st Owner,Valid upto Oct 2022 Zero_Dep,Non-Accidental,JAIPUR,"₹14,177/month","₹6,16,999"
osport 1.5 TITANIUM TI VCT MANUAL,Ford,"['1.5', 'TITANIUM', 'TI', 'VCT']",MANUAL,Jan-19,"7,280 km","7,280km (01 Sep 2021)",Petrol,1st Owner,Valid upto Mar 2023 3rd Party,Non-Accidental,JAIPUR,"₹21,288/month","₹9,29,299"
Swift VXI MANUAL,Maruti,['VXI'],MANUAL,Aug-19,"26,389 km","26,389km (23 Dec 2021)",Petrol,1st Owner,Valid upto Mar 2023 3rd Party,Non-Accidental,JAIPUR,"₹13,382/month","₹5,82,099"
Swift VXI MANUAL,Maruti,['VXI'],MANUAL,Aug-17,"15,799 km","15,799km (03 Jan 2022)",Petrol,1st Owner,Valid upto Mar 2023 3rd Party,Non-Accidental,JAIPUR,"₹13,382/month","₹5,82,099"
 Eon ERA PLUS MANUAL,Hyundai,"['ERA', 'PLUS']",MANUAL,Oct-18,"64,228 km","64,228km (04 Jan 2022)",Petrol,1st Owner,Valid upto Mar 2023 3rd Party,Non-Accidental,JAIPUR,"₹6,718/month","₹2,89,399"
Swift VXI AMT AUTOMATIC,Maruti,"['VXI', 'AMT']",AUTOMATIC,Nov-20,"18,224 km","18,224km (12 Nov 2021)",Petrol,1st Owner,Valid upto Mar 2023 3rd Party,Non-Accidental,JAIPUR,"₹14,484/month","₹6,30,499"
 NEW I20 ASTA (O) 1.0 TURBO GDI AT AUTOMATIC,HYUNDAI,"['ASTA', '(O)', '1.0', 'TURBO', 'GDI', 'AT']",AUTOMATIC,Nov-19,"12,592 km","12,592km (09 Feb 2022)",Petrol,1st Owner,Valid upto Mar 2023 3rd Party,Non-Accidental,JAIPUR,"₹25,694/month","₹11,22,799"
Swift VXI MANUAL,Maruti,['VXI'],MANUAL,Jun-18,"43,023 km","43,023km (22 Feb 2022)",Petrol,1st Owner,Valid upto Dec 2022 Comprehensive,Non-Accidental,JAIPUR,"₹13,382/month","₹5,82,099"
Baleno DELTA 1.2 K12 MANUAL,Maruti,"['DELTA', '1.2', 'K12']",MANUAL,May-19,"30,854 km","30,854km (28 Oct 2021)",Petrol,1st Owner,Valid upto Mar 2023 3rd Party,Non-Accidental,JAIPUR,"₹13,562/month","₹5,89,999"
 VENUE 1.0L Turbo GDI SX MT MANUAL,Hyundai,"['1.0L', 'Turbo', 'GDI', 'SX', 'MT']",MANUAL,Jan-16,"20,246 km","20,246km (07 Jan 2022)",Petrol,1st Owner,Valid upto Mar 2023 3rd Party,Non-Accidental,JAIPUR,"₹22,310/month","₹9,74,199"
Swift VXI MANUAL,Maruti,['VXI'],MANUAL,Feb-18,"1,07,658 km","1,07,658km (31 Dec 2021)",Petrol,1st Owner,Valid upto Mar 2023 3rd Party,Non-Accidental,JAIPUR,"₹10,764/month","₹4,67,099"
 Elite i20 SPORTZ 1.4 MANUAL,Hyundai,"['SPORTZ', '1.4']",MANUAL,Oct-19,"91,079 km","91,079km (28 Feb 2022)",Diesel,1st Owner,Valid upto Jul 2022 Zero_Dep,Non-Accidental,JAIPUR,"₹15,088/month","₹6,56,999"
maze 1.2 SMT I VTEC MANUAL,Honda,"['1.2', 'SMT', 'I', 'VTEC']",MANUAL,Apr-19,"12,703 km","12,703km (28 Oct 2021)",Petrol,2nd Owner,Valid upto Oct 2022 Third_party,Non-Accidental,JAIPUR,"₹14,573/month","₹6,34,399"
Dzire ZXI AMT AUTOMATIC,Maruti,"['ZXI', 'AMT']",AUTOMATIC,May-17,"18,763 km","18,763km (11 Nov 2021)",Petrol,1st Owner,Valid upto Mar 2023 3rd Party,Non-Accidental,JAIPUR,"₹16,629/month","₹7,24,699"
Swift VXI MANUAL,Maruti,['VXI'],MANUAL,Jan-18,"32,534 km","32,534km (20 Jan 2022)",Petrol,1st Owner,Valid upto Aug 2022 Zero_Dep,Non-Accidental,JAIPUR,"₹12,260/month","₹5,32,799"
 Creta 1.6 SX CRDI MANUAL,Hyundai,"['1.6', 'SX', 'CRDI']",MANUAL,Feb-17,"71,967 km","71,967km (17 Jan 2022)",Diesel,1st Owner,Valid upto Mar 2023 3rd Party,Non-Accidental,JAIPUR,"₹26,179/month","₹11,44,099"
OMNI E 8 STR MANUAL,Maruti,"['8', 'STR']",MANUAL,Sep-19,"7,014 km","7,014km (01 Nov 2021)",Petrol,1st Owner,Valid upto Mar 2023 3rd Party,Non-Accidental,JAIPUR,"₹6,463/month","₹2,78,199"
XL6 ALPHA SHVS MT MANUAL,Maruti,"['ALPHA', 'SHVS', 'MT']",MANUAL,Jul-18,"22,256 km","22,256km (25 Dec 2021)",Petrol,1st Owner,Valid upto Mar 2023 3rd Party,Non-Accidental,JAIPUR,"₹21,700/month","₹9,47,399"
IGNIS ZETA 1.2 K12 MANUAL,Maruti,"['ZETA', '1.2', 'K12']",MANUAL,Jan-19,"60,896 km","60,896km (27 Dec 2021)",Petrol,1st Owner,Valid upto Mar 2023 3rd Party,Non-Accidental,JAIPUR,"₹11,108/month","₹4,82,199"
Baleno DELTA 1.2 K12 MANUAL,Maruti,"['DELTA', '1.2', 'K12']",MANUAL,Aug-18,"49,522 km","49,522km (09 Nov 2021)",Petrol,1st Owner,Valid upto Mar 2023 3rd Party,Non-Accidental,JAIPUR,"₹14,831/month","₹6,45,699"
Etios Liva VX MANUAL,Toyota,['VX'],MANUAL,Aug-15,"29,304 km","29,304km (05 Jan 2022)",Petrol,1st Owner,Valid upto Mar 2023 3rd Party,Non-Accidental,JAIPUR,"₹13,713/month","₹5,96,599"
Wagon R 1.0 VXI MANUAL,Maruti,['VXI'],MANUAL,Mar-19,"35,267 km","35,267km (25 Feb 2022)",Petrol,1st Owner,Valid upto Mar 2023 3rd Party,Non-Accidental,JAIPUR,"₹8,742/month","₹3,78,299"
Celerio X Zxi MANUAL,Maruti,['Zxi'],MANUAL,Sep-20,"25,594 km","25,594km (25 Dec 2021)",Petrol,1st Owner,Valid upto Mar 2023 3rd Party,Non-Accidental,JAIPUR,"₹10,712/month","₹4,64,799"
S PRESSO VXI PLUS AGS AUTOMATIC,Maruti,"['VXI', 'PLUS', 'AGS']",AUTOMATIC,May-17,"1,661 km","1,661km (30 Aug 2021)",Petrol,1st Owner,Valid upto Mar 2023 3rd Party,Non-Accidental,JAIPUR,"₹11,636/month","₹5,05,399"
 Eon ERA PLUS MANUAL,Hyundai,"['ERA', 'PLUS']",MANUAL,Jan-17,"16,982 km","16,982km (31 Jan 2022)",Petrol,1st Owner,Valid upto Aug 2022 3rd Party,Non-Accidental,,₹0/month,"₹3,24,299"
Celerio VXI MANUAL,Maruti,['VXI'],MANUAL,Jan-18,"18,928 km","18,928km (02 Jan 2022)",Petrol,1st Owner,Valid upto Mar 2023 3rd Party,Non-Accidental,JAIPUR,"₹8,992/month","₹3,89,299"
rio 1.2 S (O) MT IVTEC MANUAL,Honda,"['1.2', 'S', '(O)', 'MT', 'IVTEC']",MANUAL,Apr-19,"39,913 km","39,913km (26 Nov 2021)",Petrol,1st Owner,Valid upto Mar 2023 3rd Party,Non-Accidental,,₹0/month,"₹4,49,499"
 NEW SANTRO ERA 1.1 MANUAL,Hyundai,"['ERA', '1.1']",MANUAL,Mar-18,"55,973 km","55,973km (19 Oct 2021)",Petrol,1st Owner,Valid upto Jul 2022 Zero_Dep,Non-Accidental,,₹0/month,"₹4,28,299"
Baleno ALPHA DDIS 190 MANUAL,Maruti,"['ALPHA', 'DDIS', '190']",MANUAL,Sep-19,"95,414 km","95,414km (01 Dec 2021)",Diesel,1st Owner,Valid upto Sep 2022 Zero_Dep,Non-Accidental,,₹0/month,"₹6,92,699"
IGNIS ALPHA 1.2 K12 MANUAL,Maruti,"['ALPHA', '1.2', 'K12']",MANUAL,Nov-15,"10,185 km","10,185km (23 Dec 2021)",Petrol,1st Owner,Valid upto Mar 2023 3rd Party,Non-Accidental,,₹0/month,"₹6,44,199"
 Grand i10 SPORTS 1.2 VTVT MANUAL,Hyundai,"['SPORTS', '1.2', 'VTVT']",MANUAL,Oct-17,"36,957 km","36,957km (03 Feb 2022)",Petrol,1st Owner,Valid upto Mar 2023 3rd Party,Non-Accidental,,₹0/month,"₹4,25,599"
Wagon R 1.0 VXI MANUAL,Maruti,['VXI'],MANUAL,Feb-19,"70,883 km","70,883km (23 Oct 2021)",Petrol,1st Owner,Valid upto Mar 2023 3rd Party,Non-Accidental,,₹0/month,"₹3,86,599"
 Grand i10 MAGNA 1.2 VTVT MANUAL,Hyundai,"['MAGNA', '1.2', 'VTVT']",MANUAL,Nov-18,"12,454 km","12,454km (27 Nov 2021)",Petrol,1st Owner,Valid upto Mar 2023 3rd Party,Non-Accidental,,₹0/month,"₹5,13,999"
 NEW SANTRO SPORTZ 1.1 MANUAL,Hyundai,"['SPORTZ', '1.1']",MANUAL,Mar-19,"47,252 km","47,252km (27 Dec 2021)",Petrol,1st Owner,Valid upto Mar 2023 3rd Party,Non-Accidental,,₹0/month,"₹4,49,199"
Celerio ZXI MANUAL,Maruti,['ZXI'],MANUAL,Jan-18,"10,706 km","10,706km (13 Dec 2021)",Petrol,1st Owner,Valid upto Oct 2022 Zero_Dep,Non-Accidental,,₹0/month,"₹4,62,199"
 Grand i10 MAGNA 1.2 KAPPA VTVT MANUAL,Hyundai,"['MAGNA', '1.2', 'KAPPA', 'VTVT']",MANUAL,Mar-20,"13,469 km","13,469km (28 Dec 2021)",Petrol,1st Owner,Valid upto Mar 2023 3rd Party,Non-Accidental,,₹0/month,"₹4,83,399"
 NEW SANTRO ERA 1.1 MANUAL,Hyundai,"['ERA', '1.1']",MANUAL,Oct-16,"7,230 km","7,230km (03 Jan 2022)",Petrol,1st Owner,Valid upto Mar 2023 3rd Party,Non-Accidental,,₹0/month,"₹4,79,299"
Alto 800 LXI MANUAL,Maruti,['LXI'],MANUAL,Nov-20,"11,237 km","11,237km (11 Nov 2021)",Petrol,1st Owner,Valid upto Mar 2023 3rd Party,Non-Accidental,,₹0/month,"₹2,78,299"
Alto LXI MANUAL,Maruti,['LXI'],MANUAL,Apr-19,"7,695 km","7,695km (24 Dec 2021)",Petrol,1st Owner,Valid upto Mar 2023 3rd Party,Non-Accidental,,₹0/month,"₹3,60,499"
Alto LXI MANUAL,Maruti,['LXI'],MANUAL,Jul-18,"32,435 km","32,435km (31 Dec 2021)",Petrol,1st Owner,Valid upto Mar 2023 3rd Party,Non-Accidental,,₹0/month,"₹3,57,399"
Wagon R 1.0 VXI AMT AUTOMATIC,Maruti,"['VXI', 'AMT']",AUTOMATIC,Oct-17,"23,889 km","23,889km (26 Nov 2021)",Petrol,1st Owner,Valid upto Aug 2022 Zero_Dep,Non-Accidental,,₹0/month,"₹4,68,399"
 Grand i10 MAGNA 1.2 VTVT MANUAL,Hyundai,"['MAGNA', '1.2', 'VTVT']",MANUAL,Jan-17,"33,810 km","33,810km (21 Dec 2021)",Petrol,2nd Owner,Valid upto Mar 2023 3rd Party,Non-Accidental,,₹0/month,"₹4,48,899"
Alto K10 VXI MANUAL,Maruti,['VXI'],MANUAL,Feb-18,"43,975 km","43,975km (08 Feb 2022)",Petrol,1st Owner,Valid upto Mar 2023 3rd Party,Non-Accidental,,₹0/month,"₹3,36,099"
 Grand i10 ASTA 1.2 KAPPA VTVT MANUAL,Hyundai,"['ASTA', '1.2', 'KAPPA', 'VTVT']",MANUAL,Feb-20,"53,002 km","53,002km (03 Mar 2022)",Petrol,1st Owner,Valid upto Mar 2023 3rd Party,Non-Accidental,,₹0/month,"₹5,50,699"
 Grand i10 SPORTZ 1.2 KAPPA VTVT MANUAL,Hyundai,"['SPORTZ', '1.2', 'KAPPA', 'VTVT']",MANUAL,Jan-18,"27,364 km","27,364km (07 Jan 2022)",Petrol,1st Owner,Valid upto May 2023 Third_party,Non-Accidental,,₹0/month,"₹5,94,199"
Alto 800 VXI MANUAL,Maruti,['VXI'],MANUAL,Feb-19,"27,651 km","27,651km (04 Jan 2022)",Petrol,1st Owner,Valid upto Mar 2023 3rd Party,Non-Accidental,,₹0/month,"₹3,13,999"
Alto K10 VXI MANUAL,Maruti,['VXI'],MANUAL,Jan-19,"46,798 km","46,798km (29 Dec 2021)",Petrol,1st Owner,Valid upto Mar 2023 3rd Party,Non-Accidental,,₹0/month,"₹3,91,299"
Alto K10 VXI MANUAL,Maruti,['VXI'],MANUAL,Mar-19,"8,739 km","8,739km (22 Oct 2021)",Petrol,1st Owner,Valid upto Mar 2023 3rd Party,Non-Accidental,,₹0/month,"₹4,12,699"
Alto 800 LXI MANUAL,Maruti,['LXI'],MANUAL,Apr-18,"24,757 km","24,757km (27 Dec 2021)",Petrol,1st Owner,Valid upto Aug 2022 Comp,Non-Accidental,,₹0/month,"₹3,57,099"
Dzire VXI MANUAL,Maruti,['VXI'],MANUAL,Dec-18,"29,558 km","29,558km (11 Feb 2022)",Petrol,1st Owner,Valid upto Mar 2023 3rd Party,Non-Accidental,,₹0/month,"₹6,87,799"
Alto K10 VXI (O) AMT AUTOMATIC,Maruti,"['VXI', '(O)', 'AMT']",AUTOMATIC,Jun-15,"30,334 km","30,334km (02 Dec 2021)",Petrol,1st Owner,Valid upto Mar 2023 3rd Party,Non-Accidental,,₹0/month,"₹4,02,899"
Celerio VXI MANUAL,Maruti,['VXI'],MANUAL,Jan-16,"1,44,616 km","1,44,616km (31 Jan 2022)",Petrol,1st Owner,Valid upto Jul 2022 Comp,Non-Accidental,,₹0/month,"₹3,36,199"
Wagon R 1.0 VXI MANUAL,Maruti,['VXI'],MANUAL,Jan-19,"77,948 km","77,948km (19 Feb 2022)",Petrol,1st Owner,Valid upto Mar 2023 3rd Party,Non-Accidental,,₹0/month,"₹3,73,699"
a KUV 100 NXT K2 6 STR MANUAL,Mahindra,"['K2', '6', 'STR']",MANUAL,Aug-16,"35,188 km","35,188km (17 Feb 2022)",Petrol,1st Owner,Valid upto Mar 2023 3rd Party,Non-Accidental,,₹0/month,"₹4,11,999"
 Elite i20 MAGNA 1.4 CRDI MANUAL,Hyundai,"['MAGNA', '1.4', 'CRDI']",MANUAL,Sep-13,"76,289 km","76,289km (12 Mar 2022)",Diesel,1st Owner,Valid upto Mar 2023 3rd Party,Non-Accidental,,₹0/month,"₹5,32,999"
maze 1.2 EXMT I VTEC MANUAL,Honda,"['1.2', 'EXMT', 'I', 'VTEC']",MANUAL,May-18,"40,465 km","40,465km (03 Feb 2022)",Petrol,1st Owner,Valid upto Sep 2022 Comp,Non-Accidental,,₹0/month,"₹3,93,999"
Dzire VXI MANUAL,Maruti,['VXI'],MANUAL,Jan-15,"85,782 km","85,782km (08 Feb 2022)",Petrol,2nd Owner,Valid upto Mar 2023 3rd Party,Non-Accidental,,₹0/month,"₹6,36,899"
 Elite i20 ASTA 1.2 MANUAL,Hyundai,"['ASTA', '1.2']",MANUAL,May-17,"56,275 km","56,275km (12 Feb 2022)",Petrol,2nd Owner,Valid upto Mar 2023 3rd Party,Non-Accidental,,₹0/month,"₹5,44,099"
Wagon R 1.0 VXI MANUAL,Maruti,['VXI'],MANUAL,Nov-18,"31,337 km","31,337km (02 Feb 2022)",Petrol,1st Owner,Valid upto Mar 2023 3rd Party,Non-Accidental,,₹0/month,"₹4,33,699"
Eeco 5 STR WITH AC PLUSHTR MANUAL,Maruti,"['5', 'STR', 'WITH', 'AC', 'PLUSHTR']",MANUAL,Oct-18,"18,637 km","18,637km (29 Oct 2021)",Petrol,1st Owner,Valid upto Mar 2023 3rd Party,Non-Accidental,,₹0/month,"₹4,27,199"
XON KRAZ 1.2 MANUAL,Tata,"['KRAZ', '1.2']",MANUAL,Apr-17,"1,05,141 km","1,05,141km (10 Nov 2021)",Petrol,1st Owner,Valid upto Mar 2023 3rd Party,Non-Accidental,,₹0/month,"₹6,91,999"
Wagon R 1.0 VXI MANUAL,Maruti,['VXI'],MANUAL,Jan-16,"51,143 km","51,143km (09 Oct 2021)",Petrol,1st Owner,Valid upto Mar 2023 3rd Party,Non-Accidental,,₹0/month,"₹4,30,199"
Alto 800 LXI MANUAL,Maruti,['LXI'],MANUAL,Jan-17,"30,102 km","30,102km (09 Nov 2021)",Petrol,1st Owner,Valid upto Mar 2023 3rd Party,Non-Accidental,,₹0/month,"₹2,78,299"
Alto 800 VXI MANUAL,Maruti,['VXI'],MANUAL,May-15,"20,107 km","20,107km (28 Dec 2021)",Petrol,1st Owner,Valid upto Mar 2023 3rd Party,Non-Accidental,,₹0/month,"₹2,82,699"
Alto 800 VXI MANUAL,Maruti,['VXI'],MANUAL,Aug-20,"60,015 km","60,015km (04 Jan 2022)",Petrol,2nd Owner,Valid upto Mar 2023 3rd Party,Non-Accidental,,₹0/month,"₹2,62,499"
S Cross ZETA SHVS PETROL MANUAL,Maruti,"['ZETA', 'SHVS', 'PETROL']",MANUAL,Jan-15,"23,378 km","23,378km (21 Dec 2021)",Petrol,1st Owner,Valid upto Mar 2023 3rd Party,Non-Accidental,,₹0/month,"₹8,80,199"
Alto 800 VXI MANUAL,Maruti,['VXI'],MANUAL,May-17,"49,626 km","49,626km (04 Jan 2022)",Petrol + LPG,1st Owner,Valid upto Mar 2023 3rd Party,Non-Accidental,,₹0/month,"₹2,69,799"
Alto 800 LXI MANUAL,Maruti,['LXI'],MANUAL,Dec-14,"44,514 km","44,514km (29 Oct 2021)",Petrol,1st Owner,Valid upto Mar 2023 3rd Party,Non-Accidental,,₹0/month,"₹2,98,999"
 2.0 TDI PREMIUM PLUS AUTOMATIC,Audi,"['2.0', 'TDI', 'PREMIUM', 'PLUS']",AUTOMATIC,Jun-14,"81,486 km","81,486km (25 Oct 2021)",Diesel,2nd Owner,Valid upto Mar 2023 3rd Party,Non-Accidental,,₹0/month,"₹15,06,699"
 Grand i10 SPORTZ 1.2 KAPPA VTVT MANUAL,Hyundai,"['SPORTZ', '1.2', 'KAPPA', 'VTVT']",MANUAL,Jul-19,"1,53,275 km","1,53,275km (16 Feb 2022)",Petrol,2nd Owner,Valid upto Mar 2023 3rd Party,Non-Accidental,,₹0/month,"₹3,95,699"
Eeco 5 STR WITH AC PLUSHTR MANUAL,Maruti,"['5', 'STR', 'WITH', 'AC', 'PLUSHTR']",MANUAL,Sep-17,"10,654 km","10,654km (31 Dec 2021)",Petrol,1st Owner,Valid upto Jul 2022 Zero_Dep,Non-Accidental,,₹0/month,"₹4,31,099"
ity VX MT DIESEL MANUAL,Honda,"['VX', 'MT', 'DIESEL']",MANUAL,Feb-20,"60,561 km","60,561km (30 Dec 2021)",Diesel,1st Owner,Valid upto Mar 2023 3rd Party,Non-Accidental,,₹0/month,"₹8,33,599"
TOS HTK 1.5 PETROL MANUAL,KIA,"['HTK', '1.5', 'PETROL']",MANUAL,Jan-14,"11,756 km","11,756km (29 Dec 2021)",Petrol,1st Owner,Valid upto Mar 2023 3rd Party,Non-Accidental,,₹0/month,"₹11,42,399"
 i10 SPORTZ 1.1 IRDE2 MANUAL,Hyundai,"['SPORTZ', '1.1', 'IRDE2']",MANUAL,Aug-17,"80,765 km","80,765km (12 Nov 2021)",Petrol,1st Owner,Valid upto Mar 2023 3rd Party,Non-Accidental,,₹0/month,"₹3,41,699"
Dzire VXI MANUAL,Maruti,['VXI'],MANUAL,Oct-18,"40,305 km","40,305km (05 Feb 2022)",Petrol,1st Owner,Valid upto Aug 2022 Zero_Dep,Non-Accidental,,₹0/month,"₹5,87,099"
Alto K10 VXI MANUAL,Maruti,['VXI'],MANUAL,Jul-19,"92,060 km","92,060km (28 Dec 2021)",Petrol,1st Owner,Valid upto Mar 2023 3rd Party,Non-Accidental,,₹0/month,"₹3,07,399"
 Elite i20 1.2 SPORTS PLUS VTVT MANUAL,Hyundai,"['1.2', 'SPORTS', 'PLUS', 'VTVT']",MANUAL,May-18,"13,662 km","13,662km (02 Jan 2022)",Petrol,1st Owner,Valid upto Mar 2023 3rd Party,Non-Accidental,,₹0/month,"₹6,97,699"
Alto 800 LXI MANUAL,Maruti,['LXI'],MANUAL,Apr-18,"45,827 km","45,827km (10 Nov 2021)",Petrol,1st Owner,Valid upto Mar 2023 3rd Party,Non-Accidental,,₹0/month,"₹3,00,299"
Alto 800 LXI MANUAL,Maruti,['LXI'],MANUAL,Feb-19,"45,530 km","45,530km (08 Oct 2021)",Petrol,1st Owner,Valid upto Mar 2023 3rd Party,Non-Accidental,,₹0/month,"₹3,00,299"
 Elite i20 1.2 SPORTS PLUS VTVT MANUAL,Hyundai,"['1.2', 'SPORTS', 'PLUS', 'VTVT']",MANUAL,Feb-17,"15,888 km","15,888km (30 Oct 2021)",Petrol,1st Owner,Valid upto Mar 2023 3rd Party,Non-Accidental,,₹0/month,"₹7,36,199"
 Kwid 1.0 RXT Opt MANUAL,Renault,"['1.0', 'RXT', 'Opt']",MANUAL,Jan-12,"98,239 km","98,239km (08 Nov 2021)",Petrol,2nd Owner,Valid upto Mar 2023 3rd Party,Non-Accidental,,₹0/month,"₹3,02,699"
 i10 MAGNA 1.2 KAPPA2 MANUAL,Hyundai,"['MAGNA', '1.2', 'KAPPA2']",MANUAL,Jan-17,"41,043 km","41,043km (31 Dec 2021)",Petrol,2nd Owner,Valid upto Mar 2023 3rd Party,Non-Accidental,,₹0/month,"₹2,98,099"
Vitara Brezza VDI OPT MANUAL,Maruti,"['VDI', 'OPT']",MANUAL,Jun-15,"60,474 km","60,474km (18 Jan 2022)",Diesel,2nd Owner,Valid upto Mar 2023 3rd Party,Non-Accidental,,₹0/month,"₹7,45,199"
Swift VXI MANUAL,Maruti,['VXI'],MANUAL,Jul-17,"72,576 km","72,576km (04 Mar 2022)",Petrol,1st Owner,Valid upto Mar 2023 3rd Party,Non-Accidental,,₹0/month,"₹4,53,499"
Vitara Brezza ZDI MANUAL,Maruti,['ZDI'],MANUAL,Dec-18,"1,09,400 km","1,09,400km (26 Dec 2021)",Diesel,1st Owner,Valid upto Mar 2023 3rd Party,Non-Accidental,,₹0/month,"₹7,82,899"
Alto 800 LXI MANUAL,Maruti,['LXI'],MANUAL,Apr-18,"98,554 km","98,554km (06 Jan 2022)",Petrol,1st Owner,Valid upto Mar 2023 3rd Party,Non-Accidental,,₹0/month,"₹3,29,799"
Alto 800 LXI MANUAL,Maruti,['LXI'],MANUAL,Dec-18,"49,886 km","49,886km (25 Oct 2021)",Petrol,1st Owner,Valid upto Mar 2023 3rd Party,Non-Accidental,,₹0/month,"₹3,34,199"
Alto 800 LXI MANUAL,Maruti,['LXI'],MANUAL,Jun-20,"31,801 km","31,801km (08 Nov 2021)",Petrol,1st Owner,Valid upto Sep 2022 Comp,Non-Accidental,,₹0/month,"₹3,31,799"
Alto VXI MANUAL,Maruti,['VXI'],MANUAL,Jul-17,"24,002 km","24,002km (12 Nov 2021)",Petrol,1st Owner,Valid upto Mar 2023 3rd Party,Non-Accidental,,₹0/month,"₹3,81,299"
Dzire VDI MANUAL,Maruti,['VDI'],MANUAL,Jul-18,"1,10,342 km","1,10,342km (29 Dec 2021)",Diesel,1st Owner,Valid upto Mar 2023 3rd Party,Non-Accidental,,₹0/month,"₹6,44,799"
Alto K10 VXI (O) AMT AUTOMATIC,Maruti,"['VXI', '(O)', 'AMT']",AUTOMATIC,Apr-19,"3,893 km","3,893km (29 Dec 2021)",Petrol,1st Owner,Valid upto Mar 2023 3rd Party,Non-Accidental,,₹0/month,"₹4,14,399"
Vitara Brezza ZDI MANUAL,Maruti,['ZDI'],MANUAL,Jan-20,"1,04,187 km","1,04,187km (21 Feb 2022)",Diesel,1st Owner,Valid upto Mar 2023 3rd Party,Non-Accidental,,₹0/month,"₹8,68,299"
Baleno DELTA 1.2 K12 MANUAL,Maruti,"['DELTA', '1.2', 'K12']",MANUAL,May-16,"7,665 km","7,665km (25 Dec 2021)",Petrol,1st Owner,Valid upto Feb 2023 Zero_Dep,Non-Accidental,,₹0/month,"₹6,89,599"
Corolla Altis VL AT AUTOMATIC,Toyota,"['VL', 'AT']",AUTOMATIC,Dec-20,"84,423 km","84,423km (23 Dec 2021)",Petrol,1st Owner,Valid upto Mar 2023 3rd Party,Non-Accidental,,₹0/month,"₹9,87,099"
Alto LXI MANUAL,Maruti,['LXI'],MANUAL,Jan-14,"3,922 km","3,922km (28 Jan 2022)",Petrol,1st Owner,Valid upto Mar 2023 3rd Party,Non-Accidental,,₹0/month,"₹3,91,099"
 Grand i10 SPORTS 1.2 VTVT MANUAL,Hyundai,"['SPORTS', '1.2', 'VTVT']",MANUAL,Jan-18,"73,621 km","73,621km (07 Feb 2022)",Petrol,1st Owner,Valid upto Mar 2023 3rd Party,Non-Accidental,,₹0/month,"₹3,88,999"
 Elite i20 ASTA 1.2 (O) MANUAL,Hyundai,"['ASTA', '1.2', '(O)']",MANUAL,Sep-16,"64,201 km","64,201km (24 Dec 2021)",Petrol,1st Owner,Valid upto Mar 2023 3rd Party,Non-Accidental,,₹0/month,"₹6,78,999"
Swift VXI MANUAL,Maruti,['VXI'],MANUAL,Jan-18,"79,820 km","79,820km (09 Mar 2022)",Petrol,1st Owner,Valid upto Mar 2023 3rd Party,Non-Accidental,,₹0/month,"₹5,01,599"
Dzire VXI MANUAL,Maruti,['VXI'],MANUAL,Jan-18,"30,661 km","30,661km (18 Nov 2021)",Petrol,1st Owner,Valid upto Mar 2023 3rd Party,Non-Accidental,,₹0/month,"₹6,21,399"
Dzire VXI MANUAL,Maruti,['VXI'],MANUAL,Jan-16,"51,916 km","51,916km (19 Feb 2022)",Petrol,1st Owner,Valid upto Mar 2023 3rd Party,Non-Accidental,,₹0/month,"₹6,76,399"
osport 1.5 TREND+ TDCI MANUAL,Ford,"['1.5', 'TREND+', 'TDCI']",MANUAL,Sep-20,"82,205 km","82,205km (08 Jan 2022)",Diesel,2nd Owner,Valid upto Mar 2023 3rd Party,Non-Accidental,,₹0/month,"₹5,64,199"
osport 1.5 TITANIUM TI VCT MANUAL,Ford,"['1.5', 'TITANIUM', 'TI', 'VCT']",MANUAL,Jan-20,"6,190 km","6,190km (17 Jan 2022)",Petrol,1st Owner,Valid upto Mar 2023 3rd Party,Non-Accidental,,₹0/month,"₹9,29,299"
 GRAND I10 NIOS SPORTZ PETROL MANUAL,Hyundai,"['SPORTZ', 'PETROL']",MANUAL,Apr-16,"23,013 km","23,013km (08 Oct 2021)",Petrol,1st Owner,Valid upto Mar 2023 3rd Party,Non-Accidental,,₹0/month,"₹5,97,799"
Swift VDI MANUAL,Maruti,['VDI'],MANUAL,Feb-18,"76,098 km","76,098km (17 Feb 2022)",Diesel,2nd Owner,Valid upto Mar 2023 3rd Party,Non-Accidental,,₹0/month,"₹5,18,499"
Corolla Altis VL AT AUTOMATIC,Toyota,"['VL', 'AT']",AUTOMATIC,Oct-20,"21,665 km","21,665km (02 Sep 2021)",Petrol,1st Owner,Valid upto Mar 2023 3rd Party,Non-Accidental,,₹0/month,"₹13,73,199"
 GRAND I10 NIOS SPORTZ 1.2 AT AUTOMATIC,Hyundai,"['SPORTZ', '1.2', 'AT']",AUTOMATIC,Jun-20,"4,347 km","4,347km (01 Jan 2022)",Petrol,1st Owner,Valid upto Mar 2023 3rd Party,Non-Accidental,,₹0/month,"₹7,01,799"
 GRAND I10 NIOS SPORTZ 1.2 AT AUTOMATIC,Hyundai,"['SPORTZ', '1.2', 'AT']",AUTOMATIC,Feb-18,"12,800 km","12,800km (03 Jan 2022)",Petrol,1st Owner,Valid upto Mar 2023 3rd Party,Non-Accidental,,₹0/month,"₹7,01,799"
Dzire VDI MANUAL,Maruti,['VDI'],MANUAL,Apr-18,"66,072 km","66,072km (12 Nov 2021)",Diesel,1st Owner,Valid upto Jul 2022 Comp,Non-Accidental,,₹0/month,"₹7,08,799"
Dzire VDI MANUAL,Maruti,['VDI'],MANUAL,Feb-17,"1,40,642 km","1,40,642km (11 Jan 2022)",Diesel,1st Owner,Valid upto Mar 2023 3rd Party,Non-Accidental,,₹0/month,"₹7,09,099"
Ertiga ZDI SHVS MANUAL,Maruti,"['ZDI', 'SHVS']",MANUAL,Jun-21,"2,42,448 km","2,42,448km (16 Oct 2021)",Diesel,2nd Owner,Valid upto Mar 2023 3rd Party,Non-Accidental,,₹0/month,"₹8,50,399"
Swift VXI MANUAL,Maruti,['VXI'],MANUAL,Feb-21,"15,922 km","15,922km (04 Jan 2022)",Petrol,1st Owner,Valid upto Sep 2022 Zero_Dep,Non-Accidental,,₹0/month,"₹7,38,699"
 GRAND I10 NIOS SPORTZ PETROL MANUAL,Hyundai,"['SPORTZ', 'PETROL']",MANUAL,Jan-15,"3,212 km","3,212km (30 Dec 2021)",Petrol,1st Owner,Valid upto Mar 2023 3rd Party,Non-Accidental,,₹0/month,"₹7,25,099"
 Eon ERA PLUS MANUAL,Hyundai,"['ERA', 'PLUS']",MANUAL,Apr-18,"76,659 km","76,659km (13 Jan 2022)",Petrol,1st Owner,Valid upto Mar 2023 3rd Party,Non-Accidental,,₹0/month,"₹2,80,499"
Dzire VDI MANUAL,Maruti,['VDI'],MANUAL,Apr-19,"63,398 km","63,398km (20 Jan 2022)",Diesel,1st Owner,Valid upto Mar 2023 3rd Party,Non-Accidental,,₹0/month,"₹7,04,899"
OR SHARP DCT PETROL,MG,"['SHARP', 'DCT']",NA,Oct-20,"36,411 km","36,411km (27 Jan 2022)",Petrol,1st Owner,Valid upto Mar 2023 Zero_Dep,Non-Accidental,,₹0/month,"₹15,01,699"
OR SHARP DCT PETROL AUTOMATIC,MG,"['SHARP', 'DCT', 'PETROL']",AUTOMATIC,Jan-15,"18,479 km","18,479km (15 Jan 2022)",Petrol,1st Owner,Valid upto Oct 2023 Third_party,Non-Accidental,,₹0/month,"₹17,63,499"
Swift LDI BS IV MANUAL,Maruti,"['LDI', 'BS', 'IV']",MANUAL,Feb-18,"1,59,948 km","1,59,948km (01 Jan 2022)",Diesel,1st Owner,Valid upto Mar 2023 3rd Party,Non-Accidental,,₹0/month,"₹4,25,799"
Baleno DELTA 1.2 K12 MANUAL,Maruti,"['DELTA', '1.2', 'K12']",MANUAL,Mar-20,"26,478 km","26,478km (04 Jan 2022)",Petrol,1st Owner,Valid upto Mar 2023 3rd Party,Non-Accidental,,₹0/month,"₹6,11,199"
XL6 ALPHA SHVS MT MANUAL,Maruti,"['ALPHA', 'SHVS', 'MT']",MANUAL,Oct-19,"9,504 km","9,504km (30 Dec 2021)",Petrol,1st Owner,Valid upto Jul 2022 Comp,Non-Accidental,,₹0/month,"₹11,45,799"
XL6 ALPHA SHVS MT MANUAL,Maruti,"['ALPHA', 'SHVS', 'MT']",MANUAL,Oct-18,"20,380 km","20,380km (12 Feb 2022)",Petrol,1st Owner,Valid upto Oct 2022 Zero_Dep,Non-Accidental,,₹0/month,"₹9,98,899"
Baleno DELTA 1.2 K12 MANUAL,Maruti,"['DELTA', '1.2', 'K12']",MANUAL,Jan-21,"22,287 km","22,287km (30 Dec 2021)",Petrol,1st Owner,Valid upto Mar 2023 3rd Party,Non-Accidental,,₹0/month,"₹5,88,099"
Alto VXI MANUAL,Maruti,['VXI'],MANUAL,Sep-19,"5,139 km","5,139km (24 Dec 2021)",Petrol,1st Owner,Valid upto Mar 2023 3rd Party,Non-Accidental,,₹0/month,"₹4,14,799"
 Verna 1.6 SX VTVT (O) MANUAL,Hyundai,"['1.6', 'SX', 'VTVT', '(O)']",MANUAL,Jun-18,"74,800 km","74,800km (25 Feb 2022)",Petrol,1st Owner,Valid upto Mar 2023 3rd Party,Non-Accidental,,₹0/month,"₹10,34,499"
 Creta 1.6 SX CRDI MANUAL,Hyundai,"['1.6', 'SX', 'CRDI']",MANUAL,Aug-18,"80,569 km","80,569km (20 Jan 2022)",Diesel,1st Owner,Valid upto Mar 2023 3rd Party,Non-Accidental,,₹0/month,"₹11,38,599"
Baleno DELTA 1.2 K12 MANUAL,Maruti,"['DELTA', '1.2', 'K12']",MANUAL,Aug-18,"43,050 km","43,050km (08 Jan 2022)",Petrol,1st Owner,Valid upto Sep 2022 Zero_Dep,Non-Accidental,,₹0/month,"₹6,20,699"
Baleno DELTA 1.2 K12 MANUAL,Maruti,"['DELTA', '1.2', 'K12']",MANUAL,Jan-19,"57,872 km","57,872km (02 Nov 2021)",Petrol,1st Owner,Valid upto Oct 2022 Zero_Dep,Non-Accidental,,₹0/month,"₹5,93,699"
Baleno DELTA 1.2 K12 MANUAL,Maruti,"['DELTA', '1.2', 'K12']",MANUAL,Jun-19,"20,489 km","20,489km (27 Oct 2021)",Petrol,1st Owner,Valid upto Mar 2023 3rd Party,Non-Accidental,,₹0/month,"₹6,51,299"
osport 1.5 TITANIUM + (SUNROOF) MANUAL,Ford,"['1.5', 'TITANIUM', '+', '(SUNROOF)']",MANUAL,May-18,"18,439 km","18,439km (25 Dec 2021)",Petrol,1st Owner,Valid upto Aug 2022 Third_party,Non-Accidental,,₹0/month,"₹9,25,799"
Baleno DELTA 1.2 K12 MANUAL,Maruti,"['DELTA', '1.2', 'K12']",MANUAL,Feb-21,"31,254 km","31,254km (01 Feb 2022)",Petrol,1st Owner,Valid upto Mar 2023 3rd Party,Non-Accidental,,₹0/month,"₹6,32,899"
Vitara Brezza ZXI + MANUAL,Maruti,"['ZXI', '+']",MANUAL,Aug-18,"3,708 km","3,708km (03 Jan 2022)",Petrol,1st Owner,Valid upto Mar 2023 3rd Party,Non-Accidental,,₹0/month,"₹11,15,499"
Baleno DELTA 1.2 K12 MANUAL,Maruti,"['DELTA', '1.2', 'K12']",MANUAL,Jan-18,"42,233 km","42,233km (23 Feb 2022)",Petrol,1st Owner,Valid upto Oct 2022 Comprehensive,Non-Accidental,,₹0/month,"₹6,44,199"
Swift VDI MANUAL,Maruti,['VDI'],MANUAL,May-18,"1,31,802 km","1,31,802km (27 Jan 2022)",Diesel,1st Owner,Valid upto Mar 2023 3rd Party,Non-Accidental,,₹0/month,"₹6,30,799"
Baleno DELTA 1.2 K12 MANUAL,Maruti,"['DELTA', '1.2', 'K12']",MANUAL,Mar-17,"40,896 km","40,896km (04 Feb 2022)",Petrol,1st Owner,Valid upto Jun 2022 3rd Party,Non-Accidental,,₹0/month,"₹6,31,799"
 Grand i10 SPORTZ 1.2 KAPPA VTVT MANUAL,Hyundai,"['SPORTZ', '1.2', 'KAPPA', 'VTVT']",MANUAL,May-19,"40,550 km","40,550km (23 Nov 2021)",Petrol,1st Owner,Valid upto Mar 2023 3rd Party,Non-Accidental,,₹0/month,"₹4,94,399"
Baleno ZETA 1.2 K12 MANUAL,Maruti,"['ZETA', '1.2', 'K12']",MANUAL,Jan-16,"16,232 km","16,232km (29 Dec 2021)",Petrol,1st Owner,Valid upto Mar 2023 3rd Party,Non-Accidental,,₹0/month,"₹6,60,299"
osport 1.5TITANIUM TDCI MANUAL,Ford,"['1.5TITANIUM', 'TDCI']",MANUAL,Nov-19,"1,93,654 km","1,93,654km (18 Jan 2022)",Diesel,1st Owner,Valid upto Mar 2023 3rd Party,Non-Accidental,,₹0/month,"₹6,52,699"
Baleno DELTA 1.2 K12 MANUAL,Maruti,"['DELTA', '1.2', 'K12']",MANUAL,Aug-20,"16,190 km","16,190km (17 Nov 2021)",Petrol,1st Owner,Valid upto Dec 2022 Third_party,Non-Accidental,,₹0/month,"₹6,62,399"
osport TITANIUM+ SPORT MANUAL,Ford,"['TITANIUM+', 'SPORT']",MANUAL,Apr-18,"5,063 km","5,063km (08 Nov 2021)",Petrol,1st Owner,Valid upto Sep 2023 Third_party,Non-Accidental,,₹0/month,"₹11,10,299"
Celerio X Zxi MANUAL,Maruti,['Zxi'],MANUAL,Jul-18,"37,906 km","37,906km (21 Sep 2021)",Petrol,1st Owner,Valid upto Jul 2022 Comp,Non-Accidental,,₹0/month,"₹4,63,699"
Baleno ALPHA 1.2 K12 MANUAL,Maruti,"['ALPHA', '1.2', 'K12']",MANUAL,Jan-15,"42,768 km","42,768km (04 Jan 2022)",Petrol,2nd Owner,Valid upto Mar 2023 3rd Party,Non-Accidental,,₹0/month,"₹6,23,699"
Alto 800 LXI MANUAL,Maruti,['LXI'],MANUAL,Aug-19,"42,072 km","42,072km (28 Oct 2021)",Petrol,1st Owner,Valid upto Mar 2023 3rd Party,Non-Accidental,,₹0/month,"₹2,57,599"
Baleno DELTA 1.2 K12 MANUAL,Maruti,"['DELTA', '1.2', 'K12']",MANUAL,Aug-19,"48,025 km","48,025km (27 Dec 2021)",Petrol,1st Owner,Valid upto Mar 2023 3rd Party,Non-Accidental,,₹0/month,"₹6,36,099"
Baleno DELTA 1.2 K12 MANUAL,Maruti,"['DELTA', '1.2', 'K12']",MANUAL,Jul-18,"57,904 km","57,904km (01 Jan 2022)",Petrol,1st Owner,Valid upto Mar 2023 3rd Party,Non-Accidental,,₹0/month,"₹6,34,199"
Baleno DELTA 1.2 K12 MANUAL,Maruti,"['DELTA', '1.2', 'K12']",MANUAL,Nov-15,"54,012 km","54,012km (11 Mar 2022)",Petrol,2nd Owner,Valid upto Sep 2022 Comprehensive,Non-Accidental,,₹0/month,"₹6,46,299"
 Grand i10 SPORTS 1.2 VTVT MANUAL,Hyundai,"['SPORTS', '1.2', 'VTVT']",MANUAL,Oct-19,"86,143 km","86,143km (28 Feb 2022)",Petrol,1st Owner,Valid upto Mar 2023 3rd Party,Non-Accidental,,₹0/month,"₹4,17,799"
Baleno DELTA 1.2 K12 MANUAL,Maruti,"['DELTA', '1.2', 'K12']",MANUAL,Jan-16,"16,281 km","16,281km (30 Dec 2021)",Petrol,2nd Owner,Valid upto Mar 2023 3rd Party,Non-Accidental,,₹0/month,"₹6,44,599"
Alto K10 VXI MANUAL,Maruti,['VXI'],MANUAL,Aug-16,"99,598 km","99,598km (22 Sep 2021)",Petrol,1st Owner,Valid upto Mar 2023 3rd Party,Non-Accidental,,₹0/month,"₹2,97,699"
Alto 800 LXI MANUAL,Maruti,['LXI'],MANUAL,Feb-20,"52,067 km","52,067km (20 Jan 2022)",Petrol,1st Owner,Valid upto Mar 2023 3rd Party,Non-Accidental,,₹0/month,"₹2,75,699"
Baleno DELTA 1.2 K12 MANUAL,Maruti,"['DELTA', '1.2', 'K12']",MANUAL,Jan-18,"41,215 km","41,215km (26 Nov 2021)",Petrol,1st Owner,Valid upto Mar 2023 3rd Party,Non-Accidental,,₹0/month,"₹6,92,999"
osport 1.5 TREND+ TDCI MANUAL,Ford,"['1.5', 'TREND+', 'TDCI']",MANUAL,Oct-20,"74,355 km","74,355km (30 Sep 2021)",Diesel,1st Owner,Valid upto Mar 2023 3rd Party,Non-Accidental,,₹0/month,"₹8,10,599"
S PRESSO VXI MANUAL,Maruti,['VXI'],MANUAL,Feb-20,"5,186 km","5,186km (18 Nov 2021)",Petrol,1st Owner,Valid upto Dec 2023 Third_party,Non-Accidental,,₹0/month,"₹4,73,799"
S PRESSO VXI MANUAL,Maruti,['VXI'],MANUAL,Jan-19,"10,490 km","10,490km (25 Dec 2021)",Petrol,1st Owner,Valid upto Jun 2022 Comp,Non-Accidental,,₹0/month,"₹4,77,199"
IGNIS ZETA 1.2 K12 MANUAL,Maruti,"['ZETA', '1.2', 'K12']",MANUAL,Dec-16,"28,319 km","28,319km (04 Jan 2022)",Petrol,1st Owner,Valid upto Mar 2023 3rd Party,Non-Accidental,,₹0/month,"₹5,52,499"
Wagon R 1.0 VXI AMT AUTOMATIC,Maruti,"['VXI', 'AMT']",AUTOMATIC,Jul-16,"56,042 km","56,042km (25 Oct 2021)",Petrol,1st Owner,Valid upto Mar 2023 3rd Party,Non-Accidental,,₹0/month,"₹3,92,299"
Celerio ZXI AMT AUTOMATIC,Maruti,"['ZXI', 'AMT']",AUTOMATIC,Feb-16,"47,672 km","47,672km (25 Jan 2022)",Petrol,1st Owner,Valid upto Aug 2022 Zero Depreciation,Non-Accidental,,₹0/month,"₹4,19,399"
Alto K10 VXI MANUAL,Maruti,['VXI'],MANUAL,Dec-16,"78,675 km","78,675km (02 Nov 2021)",Petrol,1st Owner,Valid upto Mar 2023 3rd Party,Non-Accidental,,₹0/month,"₹3,05,799"
 Grand i10 SPORTS 1.2 VTVT MANUAL,Hyundai,"['SPORTS', '1.2', 'VTVT']",MANUAL,Feb-20,"11,479 km","11,479km (13 Jan 2022)",Petrol,1st Owner,Valid upto Mar 2023 3rd Party,Non-Accidental,,₹0/month,"₹4,71,799"
S PRESSO VXI MANUAL,Maruti,['VXI'],MANUAL,Nov-19,"23,009 km","23,009km (31 Oct 2021)",Petrol,1st Owner,Valid upto Mar 2023 3rd Party,Non-Accidental,,₹0/month,"₹4,51,999"
S PRESSO VXI MANUAL,Maruti,['VXI'],MANUAL,Mar-16,"32,248 km","32,248km (23 Feb 2022)",Petrol,1st Owner,Valid upto Mar 2023 3rd Party,Non-Accidental,,₹0/month,"₹4,05,299"
Alto 800 LXI MANUAL,Maruti,['LXI'],MANUAL,Jan-15,"45,238 km","45,238km (31 Dec 2021)",Petrol,1st Owner,Valid upto Mar 2023 3rd Party,Non-Accidental,,₹0/month,"₹2,76,999"
 Grand i10 SPORTS 1.2 VTVT MANUAL,Hyundai,"['SPORTS', '1.2', 'VTVT']",MANUAL,Jan-15,"31,298 km","31,298km (09 Mar 2022)",Petrol,1st Owner,Valid upto Jul 2022 Comp,Non-Accidental,,₹0/month,"₹4,30,399"
rio 1.2 S MT I VTEC MANUAL,Honda,"['1.2', 'S', 'MT', 'I', 'VTEC']",MANUAL,Dec-17,"38,731 km","38,731km (11 Mar 2022)",Petrol,2nd Owner,Valid upto Mar 2023 3rd Party,Non-Accidental,,₹0/month,"₹3,72,799"
Alto 800 LXI MANUAL,Maruti,['LXI'],MANUAL,Mar-16,"69,119 km","69,119km (24 Dec 2021)",Petrol,1st Owner,Valid upto Mar 2023 3rd Party,Non-Accidental,,₹0/month,"₹2,77,099"
Alto K10 VXI AMT AUTOMATIC,Maruti,"['VXI', 'AMT']",AUTOMATIC,Jan-15,"1,14,666 km","1,14,666km (10 Nov 2021)",Petrol,1st Owner,Valid upto Jul 2022 Comp,Non-Accidental,,₹0/month,"₹3,25,399"
 Grand i10 SPORTS 1.2 VTVT MANUAL,Hyundai,"['SPORTS', '1.2', 'VTVT']",MANUAL,Apr-18,"21,351 km","21,351km (12 Jan 2022)",Petrol,1st Owner,Valid upto Mar 2023 3rd Party,Non-Accidental,,₹0/month,"₹4,60,999"
Celerio ZXI MANUAL,Maruti,['ZXI'],MANUAL,Jan-20,"92,365 km","92,365km (27 Jan 2022)",Petrol,1st Owner,Valid upto Mar 2023 3rd Party,Non-Accidental,,₹0/month,"₹4,52,199"
 NEW SANTRO ERA 1.1 MANUAL,Hyundai,"['ERA', '1.1']",MANUAL,Mar-18,"3,803 km","3,803km (25 Oct 2021)",Petrol,1st Owner,Valid upto Jan 2023 Third_party,Non-Accidental,,₹0/month,"₹4,76,399"
Wagon R 1.0 VXI MANUAL,Maruti,['VXI'],MANUAL,Mar-18,"11,415 km","11,415km (27 Dec 2021)",Petrol,1st Owner,Valid upto Mar 2023 3rd Party,Non-Accidental,,₹0/month,"₹5,07,699"
Wagon R 1.0 VXI MANUAL,Maruti,['VXI'],MANUAL,Jan-16,"40,773 km","40,773km (24 Feb 2022)",Petrol,1st Owner,Valid upto Mar 2023 3rd Party,Non-Accidental,,₹0/month,"₹4,81,799"
Alto K10 VXI AMT AUTOMATIC,Maruti,"['VXI', 'AMT']",AUTOMATIC,Nov-16,"68,734 km","68,734km (11 Nov 2021)",Petrol,1st Owner,Valid upto Oct 2022 Comp,Non-Accidental,,₹0/month,"₹3,34,399"
Alto 800 LXI MANUAL,Maruti,['LXI'],MANUAL,May-18,"45,529 km","45,529km (11 Mar 2022)",Petrol,1st Owner,Valid upto Mar 2023 3rd Party,Non-Accidental,,₹0/month,"₹2,81,999"
Celerio ZXI AMT AUTOMATIC,Maruti,"['ZXI', 'AMT']",AUTOMATIC,Nov-17,"56,035 km","56,035km (08 Mar 2022)",Petrol,1st Owner,Valid upto Mar 2023 3rd Party,Non-Accidental,,₹0/month,"₹4,68,099"
 Grand i10 1.2 CRDI Sportz O MANUAL,Hyundai,"['1.2', 'CRDI', 'Sportz', 'O']",MANUAL,Oct-18,"67,010 km","67,010km (22 Oct 2021)",Diesel,2nd Owner,Valid upto Mar 2023 3rd Party,Non-Accidental,,₹0/month,"₹4,55,699"
Wagon R 1.0 VXI MANUAL,Maruti,['VXI'],MANUAL,Jan-18,"28,544 km","28,544km (21 Jan 2022)",Petrol,1st Owner,Valid upto Oct 2022 Comprehensive,Non-Accidental,,₹0/month,"₹4,93,999"
Wagon R 1.0 VXI MANUAL,Maruti,['VXI'],MANUAL,Jan-20,"31,103 km","31,103km (01 Sep 2021)",Petrol,1st Owner,Valid upto Mar 2023 3rd Party,Non-Accidental,,₹0/month,"₹4,48,599"
Alto LXI MANUAL,Maruti,['LXI'],MANUAL,Apr-16,"33,215 km","33,215km (07 Jan 2022)",Petrol,1st Owner,Valid upto Mar 2023 3rd Party,Non-Accidental,,₹0/month,"₹3,95,099"
Alto K10 VXI AMT AUTOMATIC,Maruti,"['VXI', 'AMT']",AUTOMATIC,Mar-19,"50,676 km","50,676km (19 Oct 2021)",Petrol,1st Owner,Valid upto Mar 2023 3rd Party,Non-Accidental,,₹0/month,"₹3,34,799"
Alto VXI MANUAL,Maruti,['VXI'],MANUAL,Jul-18,"32,895 km","32,895km (08 Nov 2021)",Petrol,1st Owner,Valid upto Mar 2023 3rd Party,Non-Accidental,,₹0/month,"₹3,72,099"
Wagon R 1.0 VXI MANUAL,Maruti,['VXI'],MANUAL,May-19,"53,274 km","53,274km (29 Dec 2021)",Petrol,2nd Owner,Valid upto Mar 2023 3rd Party,Non-Accidental,,₹0/month,"₹4,30,399"
Eeco 5 STR WITH AC PLUSHTR MANUAL,Maruti,"['5', 'STR', 'WITH', 'AC', 'PLUSHTR']",MANUAL,Sep-19,"15,058 km","15,058km (29 Jan 2022)",Petrol,1st Owner,Valid upto Sep 2022 Zero_Dep,Non-Accidental,,₹0/month,"₹4,81,799"
Alto VXI MANUAL,Maruti,['VXI'],MANUAL,May-19,"24,801 km","24,801km (26 Dec 2021)",Petrol,1st Owner,Valid upto Mar 2023 3rd Party,Non-Accidental,,₹0/month,"₹3,60,299"
Alto VXI MANUAL,Maruti,['VXI'],MANUAL,May-18,"38,206 km","38,206km (27 Dec 2021)",Petrol,1st Owner,Valid upto Mar 2023 3rd Party,Non-Accidental,,₹0/month,"₹3,59,599"
 Grand i10 MAGNA 1.2 VTVT MANUAL,Hyundai,"['MAGNA', '1.2', 'VTVT']",MANUAL,Sep-20,"36,943 km","36,943km (31 Oct 2021)",Petrol,1st Owner,Valid upto Mar 2023 3rd Party,Non-Accidental,,₹0/month,"₹4,93,399"
Alto VXI MANUAL,Maruti,['VXI'],MANUAL,Mar-20,"14,750 km","14,750km (24 Nov 2021)",Petrol,1st Owner,Valid upto Sep 2022 Zero_Dep,Non-Accidental,,₹0/month,"₹3,91,899"
Alto LXI MANUAL,Maruti,['LXI'],MANUAL,Jan-20,"23,812 km","23,812km (29 Oct 2021)",Petrol,1st Owner,Valid upto Jul 2022 Zero_Dep,Non-Accidental,,₹0/month,"₹3,85,299"
Alto LXI MANUAL,Maruti,['LXI'],MANUAL,Feb-19,"18,485 km","18,485km (27 Dec 2021)",Petrol,1st Owner,Valid upto Feb 2023 Zero_Dep,Non-Accidental,,₹0/month,"₹3,74,599"
Celerio ZXI MANUAL,Maruti,['ZXI'],MANUAL,Sep-20,"38,396 km","38,396km (25 Dec 2021)",Petrol,1st Owner,Valid upto Mar 2023 3rd Party,Non-Accidental,,₹0/month,"₹4,73,999"
Alto LXI MANUAL,Maruti,['LXI'],MANUAL,Nov-16,"13,505 km","13,505km (18 Oct 2021)",Petrol,1st Owner,Valid upto Mar 2023 3rd Party,Non-Accidental,,₹0/month,"₹3,55,999"
Alto 800 LXI MANUAL,Maruti,['LXI'],MANUAL,Nov-19,"41,703 km","41,703km (04 Feb 2022)",Petrol,1st Owner,Valid upto Mar 2023 3rd Party,Non-Accidental,,₹0/month,"₹2,78,299"
Alto VXI MANUAL,Maruti,['VXI'],MANUAL,May-19,"16,887 km","16,887km (31 Jan 2022)",Petrol,1st Owner,Valid upto Dec 2022 3rd Party,Non-Accidental,,₹0/month,"₹3,95,799"
Alto VXI MANUAL,Maruti,['VXI'],MANUAL,Jan-19,"34,663 km","34,663km (24 Sep 2021)",Petrol,1st Owner,Valid upto Mar 2023 3rd Party,Non-Accidental,,₹0/month,"₹3,65,099"
Celerio ZXI MANUAL,Maruti,['ZXI'],MANUAL,May-19,"57,972 km","57,972km (31 Dec 2021)",Petrol,1st Owner,Valid upto Mar 2023 3rd Party,Non-Accidental,,₹0/month,"₹4,37,899"
Alto LXI MANUAL,Maruti,['LXI'],MANUAL,May-19,"12,439 km","12,439km (07 Jan 2022)",Petrol,1st Owner,Valid upto Oct 2022 Zero_Dep,Non-Accidental,,₹0/month,"₹3,57,399"
Alto LXI MANUAL,Maruti,['LXI'],MANUAL,Oct-17,"45,198 km","45,198km (23 Oct 2021)",Petrol,1st Owner,Valid upto Mar 2023 3rd Party,Non-Accidental,,₹0/month,"₹3,57,399"
Alto K10 VXI MANUAL,Maruti,['VXI'],MANUAL,Oct-18,"49,238 km","49,238km (16 Dec 2021)",Petrol,2nd Owner,Valid upto Mar 2023 3rd Party,Non-Accidental,,₹0/month,"₹3,15,699"
Wagon R 1.0 VXI PLUS MANUAL,Maruti,"['VXI', 'PLUS']",MANUAL,Oct-18,"24,462 km","24,462km (25 Dec 2021)",Petrol,1st Owner,Valid upto Mar 2023 3rd Party,Non-Accidental,,₹0/month,"₹4,44,499"
Wagon R 1.0 VXI MANUAL,Maruti,['VXI'],MANUAL,Sep-20,"24,442 km","24,442km (31 Dec 2021)",Petrol,1st Owner,Valid upto Mar 2023 3rd Party,Non-Accidental,,₹0/month,"₹4,66,999"
Alto VXI MANUAL,Maruti,['VXI'],MANUAL,Jan-20,"11,253 km","11,253km (01 Jan 2022)",Petrol,2nd Owner,Valid upto Mar 2023 3rd Party,Non-Accidental,,₹0/month,"₹3,73,799"
Alto VXI MANUAL,Maruti,['VXI'],MANUAL,Jan-17,"17,035 km","17,035km (03 Dec 2021)",Petrol,2nd Owner,Valid upto Jan 2023 Third_party,Non-Accidental,,₹0/month,"₹3,96,499"
Alto 800 LXI MANUAL,Maruti,['LXI'],MANUAL,Jan-19,"59,755 km","59,755km (15 Nov 2021)",Petrol,1st Owner,Valid upto Mar 2023 3rd Party,Non-Accidental,,₹0/month,"₹2,89,799"
Celerio ZXI MANUAL,Maruti,['ZXI'],MANUAL,Jul-19,"58,706 km","58,706km (28 Dec 2021)",Petrol,1st Owner,Valid upto Mar 2023 3rd Party,Non-Accidental,,₹0/month,"₹4,73,999"
Eeco 5 STR WITH AC PLUSHTR MANUAL,Maruti,"['5', 'STR', 'WITH', 'AC', 'PLUSHTR']",MANUAL,Oct-18,"7,947 km","7,947km (25 Dec 2021)",Petrol,1st Owner,Valid upto Aug 2022 Zero_Dep,Non-Accidental,,₹0/month,"₹4,58,399"
Wagon R 1.0 VXI MANUAL,Maruti,['VXI'],MANUAL,Jul-17,"84,146 km","84,146km (24 Dec 2021)",Petrol,1st Owner,Valid upto Mar 2023 3rd Party,Non-Accidental,,₹0/month,"₹4,49,799"
 Grand i10 SPORTS 1.2 VTVT MANUAL,Hyundai,"['SPORTS', '1.2', 'VTVT']",MANUAL,May-19,"78,139 km","78,139km (04 Mar 2022)",Petrol,2nd Owner,Valid upto Mar 2023 3rd Party,Non-Accidental,,₹0/month,"₹4,88,499"
Eeco 5 STR WITH AC PLUSHTR MANUAL,Maruti,"['5', 'STR', 'WITH', 'AC', 'PLUSHTR']",MANUAL,Mar-18,"23,648 km","23,648km (25 Dec 2021)",Petrol,3rd Owner,Valid upto Mar 2023 3rd Party,Non-Accidental,,₹0/month,"₹4,41,699"
 Grand i10 SPORTZ 1.2 KAPPA VTVT MANUAL,Hyundai,"['SPORTZ', '1.2', 'KAPPA', 'VTVT']",MANUAL,Apr-17,"34,721 km","34,721km (02 Nov 2021)",Petrol,2nd Owner,Valid upto Mar 2023 3rd Party,Non-Accidental,,₹0/month,"₹4,76,999"
Alto 800 LXI MANUAL,Maruti,['LXI'],MANUAL,Mar-17,"49,520 km","49,520km (07 Oct 2021)",Petrol,2nd Owner,Valid upto Mar 2023 3rd Party,Non-Accidental,,₹0/month,"₹2,99,799"
Wagon R 1.0 VXI MANUAL,Maruti,['VXI'],MANUAL,Jan-18,"25,833 km","25,833km (31 Jan 2022)",Petrol,1st Owner,Valid upto Mar 2023 3rd Party,Non-Accidental,,₹0/month,"₹4,43,999"
 Grand i10 SPORTS 1.2 VTVT MANUAL,Hyundai,"['SPORTS', '1.2', 'VTVT']",MANUAL,Apr-17,"90,140 km","90,140km (08 Nov 2021)",Petrol,1st Owner,Valid upto Mar 2023 3rd Party,Non-Accidental,,₹0/month,"₹5,11,899"
Alto 800 LXI MANUAL,Maruti,['LXI'],MANUAL,Apr-18,"30,990 km","30,990km (07 Feb 2022)",Petrol,1st Owner,Valid upto Mar 2023 3rd Party,Non-Accidental,,₹0/month,"₹2,89,299"
Alto K10 VXI MANUAL,Maruti,['VXI'],MANUAL,Feb-18,"71,537 km","71,537km (25 Oct 2021)",Petrol,1st Owner,Valid upto Mar 2023 3rd Party,Non-Accidental,,₹0/month,"₹3,32,899"
 Grand i10 ASTA 1.2 VTVT MANUAL,Hyundai,"['ASTA', '1.2', 'VTVT']",MANUAL,Jun-17,"1,05,252 km","1,05,252km (12 Oct 2021)",Petrol,1st Owner,Valid upto Mar 2023 3rd Party,Non-Accidental,,₹0/month,"₹5,16,699"
Alto 800 LXI MANUAL,Maruti,['LXI'],MANUAL,Jan-17,"23,380 km","23,380km (28 Dec 2021)",Petrol,1st Owner,Valid upto Mar 2023 3rd Party,Non-Accidental,,₹0/month,"₹2,89,299"
Alto 800 LXI MANUAL,Maruti,['LXI'],MANUAL,Aug-18,"13,461 km","13,461km (30 Oct 2021)",Petrol,1st Owner,Valid upto Mar 2023 3rd Party,Non-Accidental,,₹0/month,"₹2,90,399"
Alto 800 LXI MANUAL,Maruti,['LXI'],MANUAL,Jan-18,"22,226 km","22,226km (30 Dec 2021)",Petrol,1st Owner,Valid upto Mar 2023 3rd Party,Non-Accidental,,₹0/month,"₹3,00,899"
Alto 800 LXI MANUAL,Maruti,['LXI'],MANUAL,Dec-18,"63,038 km","63,038km (11 Nov 2021)",Petrol,1st Owner,Valid upto Mar 2023 3rd Party,Non-Accidental,,₹0/month,"₹3,21,799"
Alto 800 VXI MANUAL,Maruti,['VXI'],MANUAL,May-18,"50,156 km","50,156km (10 Nov 2021)",Petrol,1st Owner,Valid upto Sep 2022 Comp,Non-Accidental,,₹0/month,"₹3,10,799"
Alto 800 LXI MANUAL,Maruti,['LXI'],MANUAL,Aug-18,"50,205 km","50,205km (02 Jan 2022)",Petrol,1st Owner,Valid upto Mar 2023 3rd Party,Non-Accidental,,₹0/month,"₹3,16,599"
Alto 800 LXI MANUAL,Maruti,['LXI'],MANUAL,Feb-18,"20,032 km","20,032km (03 Jan 2022)",Petrol,1st Owner,Valid upto Mar 2023 3rd Party,Non-Accidental,,₹0/month,"₹2,92,299"
Alto K10 VXI MANUAL,Maruti,['VXI'],MANUAL,Jul-18,"51,889 km","51,889km (30 Dec 2021)",Petrol,1st Owner,Valid upto Mar 2023 3rd Party,Non-Accidental,,₹0/month,"₹3,62,799"
Alto 800 LXI MANUAL,Maruti,['LXI'],MANUAL,Oct-18,"19,502 km","19,502km (08 Feb 2022)",Petrol,1st Owner,Valid upto Mar 2023 3rd Party,Non-Accidental,,₹0/month,"₹3,00,299"
Alto 800 LXI MANUAL,Maruti,['LXI'],MANUAL,Apr-19,"44,704 km","44,704km (01 Jan 2022)",Petrol,1st Owner,Valid upto Mar 2023 3rd Party,Non-Accidental,,₹0/month,"₹3,16,499"
Alto K10 VXI MANUAL,Maruti,['VXI'],MANUAL,May-19,"31,324 km","31,324km (28 Dec 2021)",Petrol,1st Owner,Valid upto Jul 2022 Zero_Dep,Non-Accidental,,₹0/month,"₹3,53,799"
Alto K10 VXI MANUAL,Maruti,['VXI'],MANUAL,Nov-17,"39,331 km","39,331km (30 Dec 2021)",Petrol,1st Owner,Valid upto Sep 2022 Third_party,Non-Accidental,,₹0/month,"₹3,82,799"
Alto 800 LXI MANUAL,Maruti,['LXI'],MANUAL,May-18,"25,069 km","25,069km (02 Mar 2022)",Petrol,1st Owner,Valid upto Mar 2023 3rd Party,Non-Accidental,,₹0/month,"₹3,05,399"
Alto 800 LXI MANUAL,Maruti,['LXI'],MANUAL,Aug-17,"13,055 km","13,055km (05 Mar 2022)",Petrol,1st Owner,Valid upto Mar 2023 3rd Party,Non-Accidental,,₹0/month,"₹3,00,299"
Alto 800 LXI MANUAL,Maruti,['LXI'],MANUAL,Nov-17,"26,164 km","26,164km (20 Nov 2021)",Petrol,1st Owner,Valid upto Mar 2023 3rd Party,Non-Accidental,,₹0/month,"₹3,08,399"
Alto 800 LXI MANUAL,Maruti,['LXI'],MANUAL,Jul-18,"51,059 km","51,059km (11 Mar 2022)",Petrol,2nd Owner,Valid upto Mar 2023 3rd Party,Non-Accidental,,₹0/month,"₹3,11,099"
Alto 800 LXI MANUAL,Maruti,['LXI'],MANUAL,Feb-18,"54,886 km","54,886km (23 Feb 2022)",Petrol,1st Owner,Valid upto Mar 2023 3rd Party,Non-Accidental,,₹0/month,"₹3,40,999"
Alto 800 LXI MANUAL,Maruti,['LXI'],MANUAL,Jul-18,"64,790 km","64,790km (04 Feb 2022)",Petrol,1st Owner,Valid upto Mar 2023 3rd Party,Non-Accidental,,₹0/month,"₹3,45,099"
Alto K10 VXI (O) AMT AUTOMATIC,Maruti,"['VXI', '(O)', 'AMT']",AUTOMATIC,Jun-18,"21,129 km","21,129km (14 Dec 2021)",Petrol,1st Owner,Valid upto Mar 2023 3rd Party,Non-Accidental,,₹0/month,"₹3,62,299"
Alto K10 VXI MANUAL,Maruti,['VXI'],MANUAL,Feb-18,"56,813 km","56,813km (06 Dec 2021)",Petrol,1st Owner,Valid upto Mar 2023 3rd Party,Non-Accidental,,₹0/month,"₹3,74,799"
Alto K10 VXI (O) AMT AUTOMATIC,Maruti,"['VXI', '(O)', 'AMT']",AUTOMATIC,Jan-18,"1,26,159 km","1,26,159km (28 Dec 2021)",Petrol,1st Owner,Valid upto Mar 2023 3rd Party,Non-Accidental,,₹0/month,"₹3,89,199"
Alto 800 LXI MANUAL,Maruti,['LXI'],MANUAL,Feb-18,"77,702 km","77,702km (14 Feb 2022)",Petrol,1st Owner,Valid upto Mar 2023 3rd Party,Non-Accidental,,₹0/month,"₹3,45,299"
Alto 800 LXI MANUAL,Maruti,['LXI'],MANUAL,May-18,"40,637 km","40,637km (03 Jan 2022)",Petrol,2nd Owner,Valid upto Jul 2022 Comp,Non-Accidental,,₹0/month,"₹3,29,199"
Alto K10 VXI MANUAL,Maruti,['VXI'],MANUAL,Jan-19,"46,485 km","46,485km (04 Feb 2022)",Petrol,2nd Owner,Valid upto Mar 2023 3rd Party,Non-Accidental,,₹0/month,"₹3,76,999"
Alto K10 VXI MANUAL,Maruti,['VXI'],MANUAL,Apr-18,"30,352 km","30,352km (27 Dec 2021)",Petrol,1st Owner,Valid upto Mar 2023 3rd Party,Non-Accidental,,₹0/month,"₹3,81,399"
Alto K10 VXI MANUAL,Maruti,['VXI'],MANUAL,Feb-17,"11,432 km","11,432km (15 Nov 2021)",Petrol,1st Owner,Valid upto Mar 2023 3rd Party,Non-Accidental,,₹0/month,"₹3,72,499"
Alto K10 VXI (O) AMT AUTOMATIC,Maruti,"['VXI', '(O)', 'AMT']",AUTOMATIC,Mar-17,"36,784 km","36,784km (19 Oct 2021)",Petrol,2nd Owner,Valid upto Mar 2023 3rd Party,Non-Accidental,,₹0/month,"₹3,74,199"
Alto 800 LXI MANUAL,Maruti,['LXI'],MANUAL,Sep-18,"22,885 km","22,885km (17 Nov 2021)",Petrol,1st Owner,Valid upto Mar 2023 3rd Party,Non-Accidental,,₹0/month,"₹3,11,299"
Alto K10 VXI MANUAL,Maruti,['VXI'],MANUAL,Apr-19,"30,279 km","30,279km (07 Dec 2021)",Petrol,1st Owner,Valid upto Oct 2022 Comp,Non-Accidental,,₹0/month,"₹3,82,399"
Alto K10 VXI MANUAL,Maruti,['VXI'],MANUAL,Feb-18,"11,809 km","11,809km (29 Dec 2021)",Petrol,1st Owner,Valid upto Mar 2023 3rd Party,Non-Accidental,,₹0/month,"₹3,99,299"
Alto K10 VXI (O) AMT AUTOMATIC,Maruti,"['VXI', '(O)', 'AMT']",AUTOMATIC,Apr-18,"28,449 km","28,449km (07 Feb 2022)",Petrol,1st Owner,Valid upto Mar 2023 3rd Party,Non-Accidental,,₹0/month,"₹3,84,499"
Alto K10 VXI MANUAL,Maruti,['VXI'],MANUAL,Feb-19,"1,05,877 km","1,05,877km (15 Feb 2022)",Petrol,1st Owner,Valid upto Mar 2023 3rd Party,Non-Accidental,,₹0/month,"₹3,88,199"
Alto 800 LXI MANUAL,Maruti,['LXI'],MANUAL,Feb-19,"65,757 km","65,757km (22 Oct 2021)",Petrol,1st Owner,Valid upto Mar 2023 3rd Party,Non-Accidental,,₹0/month,"₹3,65,599"
Alto 800 VXI MANUAL,Maruti,['VXI'],MANUAL,Feb-18,"43,667 km","43,667km (28 Oct 2021)",Petrol,1st Owner,Valid upto Mar 2023 3rd Party,Non-Accidental,,₹0/month,"₹3,36,999"
Alto 800 LXI MANUAL,Maruti,['LXI'],MANUAL,Aug-18,"34,030 km","34,030km (31 Dec 2021)",Petrol,1st Owner,Valid upto Mar 2023 3rd Party,Non-Accidental,,₹0/month,"₹3,25,699"
Alto 800 LXI MANUAL,Maruti,['LXI'],MANUAL,Feb-19,"32,891 km","32,891km (24 Oct 2021)",Petrol,1st Owner,Valid upto Mar 2023 3rd Party,Non-Accidental,,₹0/month,"₹3,25,199"
Alto K10 VXI MANUAL,Maruti,['VXI'],MANUAL,Aug-18,"31,030 km","31,030km (05 Nov 2021)",Petrol,1st Owner,Valid upto Mar 2023 3rd Party,Non-Accidental,,₹0/month,"₹3,91,499"
Alto 800 LXI MANUAL,Maruti,['LXI'],MANUAL,Feb-19,"26,685 km","26,685km (30 Nov 2021)",Petrol,1st Owner,Valid upto Mar 2023 3rd Party,Non-Accidental,,₹0/month,"₹3,27,399"
Alto 800 LXI MANUAL,Maruti,['LXI'],MANUAL,Mar-19,"11,351 km","11,351km (14 Feb 2022)",Petrol,1st Owner,Valid upto Mar 2023 3rd Party,Non-Accidental,,₹0/month,"₹3,14,799"
Alto 800 LXI MANUAL,Maruti,['LXI'],MANUAL,Oct-18,"11,318 km","11,318km (17 Nov 2021)",Petrol,1st Owner,Valid upto Mar 2023 3rd Party,Non-Accidental,,₹0/month,"₹3,14,799"
Alto K10 VXI MANUAL,Maruti,['VXI'],MANUAL,Feb-21,"23,824 km","23,824km (28 Jan 2022)",Petrol,1st Owner,Valid upto Mar 2023 3rd Party,Non-Accidental,,₹0/month,"₹3,82,299"
Alto VXI MANUAL,Maruti,['VXI'],MANUAL,Jul-18,"2,799 km","2,799km (25 Dec 2021)",Petrol,1st Owner,Valid upto Mar 2024 Zero_Dep,Non-Accidental,,₹0/month,"₹4,06,199"
Alto 800 LXI MANUAL,Maruti,['LXI'],MANUAL,Dec-18,"34,350 km","34,350km (13 Jan 2022)",Petrol,1st Owner,Valid upto Mar 2023 3rd Party,Non-Accidental,,₹0/month,"₹3,29,799"
Alto K10 VXI MANUAL,Maruti,['VXI'],MANUAL,Dec-18,"7,581 km","7,581km (25 Dec 2021)",Petrol,1st Owner,Valid upto Mar 2023 3rd Party,Non-Accidental,,₹0/month,"₹3,87,899"
Alto K10 VXI MANUAL,Maruti,['VXI'],MANUAL,Dec-18,"7,567 km","7,567km (02 Nov 2021)",Petrol,1st Owner,Valid upto Mar 2023 3rd Party,Non-Accidental,,₹0/month,"₹3,86,199"
Alto K10 VXI MANUAL,Maruti,['VXI'],MANUAL,Jul-18,"29,232 km","29,232km (15 Jan 2022)",Petrol,1st Owner,Valid upto Mar 2023 3rd Party,Non-Accidental,,₹0/month,"₹3,91,999"
Alto 800 LXI MANUAL,Maruti,['LXI'],MANUAL,Mar-19,"31,670 km","31,670km (10 Feb 2022)",Petrol,1st Owner,Valid upto Mar 2023 3rd Party,Non-Accidental,,₹0/month,"₹3,43,899"
Alto 800 LXI MANUAL,Maruti,['LXI'],MANUAL,Apr-21,220 km,220km (25 Oct 2021),Petrol,2nd Owner,Valid upto Mar 2023 3rd Party,Non-Accidental,,₹0/month,"₹3,14,799"
Alto LXI MANUAL,Maruti,['LXI'],MANUAL,Jul-19,"6,481 km","6,481km (03 Dec 2021)",Petrol,1st Owner,Valid upto Aug 2022 Zero_Dep,Non-Accidental,,₹0/month,"₹4,28,899"
Alto K10 VXI MANUAL,Maruti,['VXI'],MANUAL,Feb-18,"22,192 km","22,192km (04 Jan 2022)",Petrol,1st Owner,Valid upto Sep 2022 Zero Depreciation,Non-Accidental,,₹0/month,"₹4,00,399"
Alto 800 LXI MANUAL,Maruti,['LXI'],MANUAL,Mar-19,"32,403 km","32,403km (02 Feb 2022)",Petrol,1st Owner,Valid upto Mar 2023 3rd Party,Non-Accidental,,₹0/month,"₹3,36,499"
Alto K10 VXI MANUAL,Maruti,['VXI'],MANUAL,Mar-18,"6,057 km","6,057km (22 Oct 2021)",Petrol,1st Owner,Valid upto Mar 2023 3rd Party,Non-Accidental,,₹0/month,"₹3,88,399"
Alto 800 LXI MANUAL,Maruti,['LXI'],MANUAL,Feb-21,"34,637 km","34,637km (08 Feb 2022)",Petrol,1st Owner,Valid upto Nov 2022 Comprehensive,Non-Accidental,,₹0/month,"₹3,48,799"
Alto LXI MANUAL,Maruti,['LXI'],MANUAL,Aug-18,"11,718 km","11,718km (21 Oct 2021)",Petrol,2nd Owner,Valid upto Mar 2023 3rd Party,Non-Accidental,,₹0/month,"₹3,78,499"
Alto 800 LXI MANUAL,Maruti,['LXI'],MANUAL,Mar-19,"25,188 km","25,188km (01 Feb 2022)",Petrol,1st Owner,Valid upto Mar 2023 3rd Party,Non-Accidental,,₹0/month,"₹3,45,799"
Alto K10 VXI MANUAL,Maruti,['VXI'],MANUAL,Aug-18,"5,314 km","5,314km (26 Oct 2021)",Petrol,1st Owner,Valid upto Jul 2022 Third_party,Non-Accidental,,₹0/month,"₹4,10,099"
Alto 800 LXI MANUAL,Maruti,['LXI'],MANUAL,Mar-19,"27,259 km","27,259km (27 Nov 2021)",Petrol,1st Owner,Valid upto Mar 2023 3rd Party,Non-Accidental,,₹0/month,"₹3,37,199"
Alto 800 LXI MANUAL,Maruti,['LXI'],MANUAL,Jan-19,"14,434 km","14,434km (28 Feb 2022)",Petrol,1st Owner,Valid upto Aug 2022 Comp,Non-Accidental,,₹0/month,"₹3,65,599"
Alto 800 LXI MANUAL,Maruti,['LXI'],MANUAL,Jul-18,"29,371 km","29,371km (25 Feb 2022)",Petrol,3rd Owner,Valid upto Mar 2023 3rd Party,Non-Accidental,,₹0/month,"₹3,65,599"
Alto 800 LXI MANUAL,Maruti,['LXI'],MANUAL,Jun-18,"31,506 km","31,506km (17 Nov 2021)",Petrol,1st Owner,Valid upto Aug 2022 Comp,Non-Accidental,,₹0/month,"₹3,37,199"
Alto K10 VXI MANUAL,Maruti,['VXI'],MANUAL,Dec-18,"22,220 km","22,220km (13 Nov 2021)",Petrol,2nd Owner,Valid upto Mar 2023 3rd Party,Non-Accidental,,₹0/month,"₹3,83,199"
Alto K10 VXI MANUAL,Maruti,['VXI'],MANUAL,Dec-18,"17,410 km","17,410km (30 Oct 2021)",Petrol,2nd Owner,Valid upto Mar 2023 3rd Party,Non-Accidental,,₹0/month,"₹3,78,199"
Alto 800 LXI MANUAL,Maruti,['LXI'],MANUAL,Feb-21,"11,602 km","11,602km (20 Nov 2021)",Petrol,2nd Owner,Valid upto Mar 2023 3rd Party,Non-Accidental,,₹0/month,"₹3,48,799"
Alto VXI MANUAL,Maruti,['VXI'],MANUAL,Feb-19,"12,523 km","12,523km (06 Dec 2021)",Petrol,1st Owner,Valid upto Mar 2023 3rd Party,Non-Accidental,,₹0/month,"₹4,24,299"
Alto 800 LXI MANUAL,Maruti,['LXI'],MANUAL,Feb-19,"16,539 km","16,539km (24 Dec 2021)",Petrol,2nd Owner,Valid upto Mar 2023 3rd Party,Non-Accidental,,₹0/month,"₹3,65,599"
 Elite i20 1.2 MAGNA PLUS VTVT MANUAL,Hyundai,"['1.2', 'MAGNA', 'PLUS', 'VTVT']",MANUAL,Jan-19,"31,962 km","31,962km (01 Mar 2022)",Petrol,1st Owner,Valid upto Mar 2023 3rd Party,Non-Accidental,,₹0/month,"₹6,38,999"
maze 1.2 VXMT I VTEC MANUAL,Honda,"['1.2', 'VXMT', 'I', 'VTEC']",MANUAL,Sep-20,"15,472 km","15,472km (21 Dec 2021)",Petrol,1st Owner,Valid upto Mar 2023 3rd Party,Non-Accidental,,₹0/month,"₹7,74,999"
 GRAND I10 NIOS MAGNA 1.2 MT MANUAL,Hyundai,"['MAGNA', '1.2', 'MT']",MANUAL,Aug-17,"6,427 km","6,427km (21 Dec 2021)",Petrol,1st Owner,Valid upto Mar 2023 3rd Party,Non-Accidental,,₹0/month,"₹6,31,399"
 Grand i10 Sportz(O) 1.2 MT MANUAL,Hyundai,"['Sportz(O)', '1.2', 'MT']",MANUAL,Feb-18,"35,407 km","35,407km (11 Jan 2022)",Petrol,1st Owner,Valid upto Oct 2022 Zero_Dep,Non-Accidental,,₹0/month,"₹5,33,099"
